Country,Rank,Agent_IDs,Original_USD,Converted_PKR,Final_PKR
South Africa,Silver,2217,0.042000,11.76,18.82
South Africa,Bronze,"2266,3182",0.054000,15.12,24.19
South Africa,Bronze,3001,0.099000,27.72,41.58
South Africa,Bronze,"2579,3330,3370,3168,2260,3271",0.134000,37.52,56.28
South Africa,Silver,3109,0.046000,12.88,20.61
South Africa,Bronze,3335,0.058000,16.24,25.98
South Africa,Gold,3042,0.063000,17.64,28.22
South Africa,Bronze,2920,0.072000,20.16,30.24
South Africa,Bronze,2649,0.034000,9.52,15.23
South Africa,Bronze,"2984,2944",0.055000,15.40,24.64
South Africa,Bronze,2742,0.068000,19.04,30.46
South Africa,Bronze,2812,0.052000,14.56,23.30
South Africa,Bronze,3205,0.048000,13.44,21.50
India,Silver,2805,0.064000,17.92,28.67
India,Bronze,"2268,2266",0.054000,15.12,24.19
India,Bronze,3001,0.099000,27.72,41.58
India,Bronze,"2579,3330,3406,3370,3309,3042,2260,3271",0.134000,37.52,56.28
India,Bronze,3193,0.067000,18.76,30.02
India,Bronze,3160,0.124000,34.72,52.08
India,Bronze,3335,0.103000,28.84,43.26
India,Bronze,2920,0.072000,20.16,30.24
Pakistan,Bronze,3001,0.099000,27.72,41.58
Pakistan,Bronze,"2579,3042,2260,3271",0.134000,37.52,56.28
Pakistan,Bronze,3182,0.054000,15.12,24.19
Pakistan,Bronze,3193,0.067000,18.76,30.02
Pakistan,Bronze,"3160,3371",0.059000,16.52,26.43
Pakistan,Bronze,3178,0.027000,7.56,12.10
Pakistan,Bronze,3335,0.026000,7.28,11.65
Pakistan,Bronze,2920,0.072000,20.16,30.24
Bangladesh,Bronze,"2579,3160,3370,3042,2260,3271",0.143000,40.04,60.06
Bangladesh,Bronze,3001,0.099000,27.72,41.58
Bangladesh,Bronze,3182,0.054000,15.12,24.19
Bangladesh,Bronze,3168,0.038000,10.64,17.02
Bangladesh,Bronze,3371,0.102000,28.56,42.84
Bangladesh,Bronze,2920,0.072000,20.16,30.24
Zambia,Bronze,"2750,2579,3370,2260,3271,3042",0.143000,40.04,60.06
Zambia,Silver,2266,0.054000,15.12,24.19
Zambia,Bronze,3001,0.099000,27.72,41.58
Zambia,Bronze,3182,0.054000,15.12,24.19
Zambia,Bronze,3193,0.067000,18.76,30.02
Zambia,Bronze,3160,0.040000,11.20,17.92
Zambia,Bronze,2920,0.063000,17.64,28.22
Zambia,Bronze,3335,0.089000,24.92,37.38
Zambia,Bronze,"3371,3418",0.084000,23.52,35.28
Zambia,Bronze,3309,0.094000,26.32,39.48
Namibia,Bronze,"2266,3182",0.054000,15.12,24.19
Namibia,Bronze,3001,0.099000,27.72,41.58
Namibia,Bronze,"2579,3370,3371,3309,3042,2260,3271",0.143000,40.04,60.06
Namibia,Bronze,3335,0.142000,39.76,59.64
Namibia,Bronze,2920,0.063000,17.64,28.22
Papua new gvineya,Bronze,"2266,3182",0.054000,15.12,24.19
Papua new gvineya,Bronze,3001,0.099000,27.72,41.58
Papua new gvineya,Bronze,3370,0.143000,40.04,60.06
Papua new gvineya,Bronze,3335,0.142000,39.76,59.64
Algeria,Bronze,"2750,3330,3370,2579,3371,3309,3042,2260,3271",0.134000,37.52,56.28
Algeria,Bronze,2266,0.054000,15.12,24.19
Algeria,Bronze,3001,0.099000,27.72,41.58
Algeria,Gold,3182,0.054000,15.12,24.19
Algeria,Bronze,3193,0.067000,18.76,30.02
Algeria,Bronze,3160,0.018000,5.04,8.06
Algeria,Bronze,3178,0.039000,10.92,17.47
Algeria,Bronze,2920,0.063000,17.64,28.22
Algeria,Bronze,3335,0.132000,36.96,55.44
Ethiopia,Bronze,"2750,2579,3370,3371,3309,2260,3042,3271",0.143000,40.04,60.06
Ethiopia,Bronze,"2266,3182",0.054000,15.12,24.19
Ethiopia,Bronze,3001,0.099000,27.72,41.58
Ethiopia,Bronze,3193,0.067000,18.76,30.02
Ethiopia,Bronze,3168,0.090000,25.20,37.80
Ethiopia,Bronze,2920,0.063000,17.64,28.22
Mozambique,Silver,2266,0.054000,15.12,24.19
Mozambique,Bronze,3001,0.099000,27.72,41.58
Mozambique,Bronze,3182,0.054000,15.12,24.19
Mozambique,Bronze,"2579,3411,3370,3309,3042,2260,3271",0.143000,40.04,60.06
Mozambique,Bronze,2920,0.063000,17.64,28.22
Angola,Bronze,"2750,2579,2567,3309,2260,3271",0.215000,60.20,84.28
Angola,Silver,2266,0.054000,15.12,24.19
Angola,Bronze,3001,0.099000,27.72,41.58
Angola,Bronze,3182,0.054000,15.12,24.19
Angola,Bronze,3193,0.067000,18.76,30.02
Angola,Bronze,3160,0.070000,19.60,31.36
Angola,Bronze,3335,0.082000,22.96,34.44
Angola,Bronze,3371,0.154000,43.12,64.68
Ukraine,Bronze,"2263,2739",0.267000,74.76,104.66
Ukraine,Bronze,2750,0.118000,33.04,49.56
Ukraine,Bronze,3001,0.099000,27.72,41.58
Ukraine,Bronze,"2738,3328,3340,3418",0.635000,177.80,222.25
Ukraine,Bronze,"2579,3330,2567,3370,3042,2260,3271",0.667000,186.76,233.45
Ukraine,Bronze,3182,0.054000,15.12,24.19
Ukraine,Bronze,3193,0.067000,18.76,30.02
Ukraine,Bronze,"3309,3371",0.162000,45.36,68.04
Ukraine,Bronze,3237,0.104000,29.12,43.68
Ukraine,Bronze,3178,0.082000,22.96,34.44
Ukraine,Bronze,3168,0.090000,25.20,37.80
Ukraine,Bronze,3177,0.200000,56.00,78.40
Ukraine,Bronze,3248,0.334000,93.52,130.93
Egypt,Bronze,"2750,2579,3330,3160,3370,2260,3042",0.143000,40.04,60.06
Egypt,Bronze,"2266,3182",0.054000,15.12,24.19
Egypt,Bronze,3001,0.099000,27.72,41.58
Egypt,Bronze,3193,0.067000,18.76,30.02
Egypt,Silver,3237,0.039000,10.92,17.47
Egypt,Bronze,"3309,3340",0.052000,14.56,23.30
Brazil,Bronze,"2750,2739",0.068000,19.04,30.46
Brazil,Bronze,"2266,3182",0.054000,15.12,24.19
Brazil,Bronze,"3089,3018,2951,3406,3405,2920,3246,2404",0.063000,17.64,28.22
Brazil,Bronze,3001,0.099000,27.72,41.58
Brazil,Bronze,3160,0.039000,10.92,17.47
Brazil,Bronze,"2579,2263,3370,3309,3330,3042,3435,2260,3271,3264",0.134000,37.52,56.28
Brazil,Bronze,2738,0.070000,19.60,31.36
Brazil,Bronze,3193,0.067000,18.76,30.02
Brazil,Silver,3215,0.052000,14.56,23.30
Brazil,Bronze,3365,0.062000,17.36,27.78
Brazil,Silver,3252,0.064000,17.92,28.67
Brazil,Gold,3335,0.050000,14.00,22.40
Brazil,Bronze,3367,0.056000,15.68,25.09
Brazil,Bronze,3371,0.051000,14.28,22.85
Brazil,Bronze,2906,0.055000,15.40,24.64
Brazil,Bronze,3015,0.071000,19.88,31.81
Brazil,Bronze,3412,0.047000,13.16,21.06
Brazil,Bronze,3413,0.048000,13.44,21.50
Brazil,Silver,"3398,3229",0.063000,17.64,28.22
Brazil,Gold,"3437,3439",0.063000,17.64,28.22
Brazil,Bronze,3104,0.035000,9.80,15.68
Haiti,Bronze,"2750,3371,3309",0.100000,28.00,42.00
Haiti,Bronze,"2266,3182",0.054000,15.12,24.19
Haiti,Bronze,3001,0.099000,27.72,41.58
Haiti,Bronze,3193,0.067000,18.76,30.02
Iran,Bronze,"2266,3182",0.054000,15.12,24.19
Iran,Bronze,3001,0.099000,27.72,41.58
Iran,Bronze,"2579,3193,3330,3370,3371,3309,3042,2260,3271",0.143000,40.04,60.06
Iran,Bronze,2920,0.063000,17.64,28.22
Peru ,Bronze,"2457,2750,2579,3211,3160,3370,3411,3309,3042,2260,3271",0.127000,35.56,53.34
Peru ,Bronze,"2266,3182",0.054000,15.12,24.19
Peru ,Bronze,3001,0.099000,27.72,41.58
Peru ,Bronze,3193,0.067000,18.76,30.02
Peru ,Bronze,"2920,3168",0.063000,17.64,28.22
Peru ,Bronze,3335,0.045000,12.60,20.16
Peru ,Bronze,3371,0.078000,21.84,32.76
Viet nam,Bronze,2750,0.100000,28.00,42.00
Viet nam,Bronze,"2579,2567,3042,2260,3271",0.502000,140.56,175.70
Viet nam,Bronze,2318,0.086000,24.08,36.12
Viet nam,Bronze,2217,0.039000,10.92,17.47
Viet nam,Bronze,"2266,3182,3421",0.054000,15.12,24.19
Viet nam,Bronze,"3082,3193",0.067000,18.76,30.02
Viet nam,Bronze,3001,0.099000,27.72,41.58
Viet nam,Bronze,"3160,2920",0.072000,20.16,30.24
Viet nam,Bronze,3237,0.026000,7.28,11.65
Zimbabwe,Bronze,3001,0.099000,27.72,41.58
Zimbabwe,Bronze,"2579,3160,3370,2260,3042,3271",0.143000,40.04,60.06
Zimbabwe,Bronze,3182,0.054000,15.12,24.19
Zimbabwe,Bronze,3178,0.060000,16.80,26.88
Zimbabwe,Bronze,2920,0.063000,17.64,28.22
Zimbabwe,Bronze,3168,0.130000,36.40,54.60
Nepal,Silver,2266,0.054000,15.12,24.19
Nepal,Bronze,3001,0.099000,27.72,41.58
Nepal,Bronze,3182,0.054000,15.12,24.19
Nepal,Bronze,"2579,3411,3371,3309,3042,2260,3271",0.203000,56.84,79.58
Nepal,Bronze,3193,0.067000,18.76,30.02
Nepal,Bronze,3335,0.135000,37.80,56.70
Nepal,Bronze,2920,0.063000,17.64,28.22
Uzbekistan,Bronze,3001,0.099000,27.72,41.58
Uzbekistan,Bronze,3182,0.054000,15.12,24.19
Uzbekistan,Bronze,3193,0.067000,18.76,30.02
Uzbekistan,Bronze,3160,0.087000,24.36,36.54
Uzbekistan,Bronze,"2579,3330,3370,3309,3042,2260,3271",0.143000,40.04,60.06
Uzbekistan,Bronze,3178,0.060000,16.80,26.88
Uzbekistan,Bronze,"3371,3335",0.142000,39.76,59.64
Nigeria,Bronze,"2750,2579,3160,3330,3370,3309,3042,2260,3271",0.095000,26.60,39.90
Nigeria,Bronze,2217,0.070000,19.60,31.36
Nigeria,Bronze,2266,0.054000,15.12,24.19
Nigeria,Gold,3182,0.054000,15.12,24.19
Nigeria,Bronze,3193,0.067000,18.76,30.02
Nigeria,Bronze,3168,0.046000,12.88,20.61
Nigeria,Bronze,3335,0.089000,24.92,37.38
Nigeria,Bronze,2920,0.072000,20.16,30.24
Swaziland,Bronze,"2266,3182",0.054000,15.12,24.19
Swaziland,Bronze,3001,0.099000,27.72,41.58
Swaziland,Bronze,"3370,3309,3042,2260,3271",0.143000,40.04,60.06
Swaziland,Bronze,3335,0.138000,38.64,57.96
Congo (Dem. Republic),Bronze,"2750,3160,3330,3370",0.143000,40.04,60.06
Congo (Dem. Republic),Silver,2266,0.054000,15.12,24.19
Congo (Dem. Republic),Bronze,3001,0.099000,27.72,41.58
Congo (Dem. Republic),Bronze,3182,0.054000,15.12,24.19
Congo (Dem. Republic),Bronze,2920,0.082000,22.96,34.44
France,Bronze,2263,0.106000,29.68,44.52
France,Bronze,"2750,3329",0.188000,52.64,73.70
France,Bronze,2738,0.140000,39.20,58.80
France,Bronze,"2579,3370,3309,3330,3271",5.883000,1647.24,1976.69
France,Bronze,2266,0.054000,15.12,24.19
France,Bronze,3001,0.099000,27.72,41.58
France,Bronze,3193,0.067000,18.76,30.02
France,Bronze,2442,0.270000,75.60,105.84
France,Silver,3109,0.135000,37.80,56.70
France,Bronze,3160,0.267000,74.76,104.66
France,Bronze,3414,0.327000,91.56,128.18
France,Silver,3418,0.327000,91.56,128.18
France,Bronze,3168,0.116000,32.48,48.72
France,Bronze,3394,1.344000,376.32,451.58
France,Bronze,3371,0.359000,100.52,125.65
France,Bronze,3270,0.046000,12.88,20.61
Botswana,Bronze,"2266,3182",0.054000,15.12,24.19
Botswana,Bronze,3001,0.099000,27.72,41.58
Botswana,Bronze,"2579,3160,3370,2260,3271",0.143000,40.04,60.06
Botswana,Bronze,"3371,3328",0.118000,33.04,49.56
Botswana,Bronze,3309,0.063000,17.64,28.22
Mexico,Bronze,"2750,2579,3330,3370,3414,3371,3309,2260,3271",0.143000,40.04,60.06
Mexico,Bronze,3001,0.099000,27.72,41.58
Mexico,Bronze,3182,0.054000,15.12,24.19
Mexico,Gold,3193,0.067000,18.76,30.02
Mexico,Bronze,3160,0.094000,26.32,39.48
Tanzania,Bronze,"2750,2579,3160,3330,3370,3309,3042,2260,3271",0.136000,38.08,57.12
Tanzania,Silver,2266,0.054000,15.12,24.19
Tanzania,Bronze,3001,0.099000,27.72,41.58
Tanzania,Bronze,3182,0.054000,15.12,24.19
Tanzania,Bronze,3193,0.067000,18.76,30.02
Tanzania,Bronze,3168,0.066000,18.48,29.57
Tanzania,Bronze,2920,0.063000,17.64,28.22
Sri Lanka,Bronze,"2266,3182,3160",0.054000,15.12,24.19
Sri Lanka,Bronze,3001,0.099000,27.72,41.58
Sri Lanka,Bronze,"2579,3411,3370,2260,3271,3042",0.143000,40.04,60.06
Sri Lanka,Bronze,3193,0.067000,18.76,30.02
Sri Lanka,Bronze,2920,0.063000,17.64,28.22
Honduras,Bronze,"2750,3160,3370,2579,3371,3309,2260,3042,3271",0.100000,28.00,42.00
Honduras,Bronze,"2266,3182",0.054000,15.12,24.19
Honduras,Bronze,3001,0.099000,27.72,41.58
Honduras,Bronze,3193,0.067000,18.76,30.02
Honduras,Bronze,2920,0.063000,17.64,28.22
Argentinas,Bronze,2286,0.127000,35.56,53.34
Argentinas,Bronze,"2750,2579,3160,3303,2260",0.181000,50.68,70.95
Argentinas,Bronze,"2266,3182",0.054000,15.12,24.19
Argentinas,Bronze,3001,0.099000,27.72,41.58
Argentinas,Bronze,2263,0.058000,16.24,25.98
Argentinas,Bronze,2738,0.076000,21.28,31.92
Argentinas,Bronze,3193,0.067000,18.76,30.02
Argentinas,Bronze,3237,0.063000,17.64,28.22
Argentinas,Bronze,"2739,3056",0.052000,14.56,23.30
Argentinas,Bronze,3335,0.074000,20.72,31.08
Argentinas,Silver,2556,0.052000,14.56,23.30
Myanmar,Bronze,2217,0.070000,19.60,31.36
Myanmar,Bronze,"2266,3182",0.054000,15.12,24.19
Myanmar,Bronze,3001,0.099000,27.72,41.58
Myanmar,Bronze,3160,0.034000,9.52,15.23
Myanmar,Bronze,3193,0.067000,18.76,30.02
Myanmar,Bronze,"2579,3330,3411,3370,3309,2260,3042",0.100000,28.00,42.00
Myanmar,Bronze,3178,0.040000,11.20,17.92
Myanmar,Bronze,2920,0.063000,17.64,28.22
Myanmar,Bronze,3335,0.074000,20.72,31.08
Myanmar,Bronze,3371,0.087000,24.36,36.54
Tunisia,Bronze,"2750,2579,3160,3370,3371,3309,3042,2260,3271",0.143000,40.04,60.06
Tunisia,Bronze,"2266,3182",0.054000,15.12,24.19
Tunisia,Bronze,3001,0.099000,27.72,41.58
Tunisia,Bronze,3178,0.060000,16.80,26.88
Tunisia,Bronze,3168,0.058000,16.24,25.98
Tunisia,Bronze,2920,0.063000,17.64,28.22
Timor-Leste,Bronze,"2266,3182",0.054000,15.12,24.19
Timor-Leste,Bronze,3001,0.099000,27.72,41.58
Timor-Leste,Bronze,"3160,3370,3042,2260,3271",0.102000,28.56,42.84
Timor-Leste,Bronze,2920,0.072000,20.16,30.24
Lesotho,Bronze,"2266,3182",0.054000,15.12,24.19
Lesotho,Bronze,3001,0.099000,27.72,41.58
Lesotho,Bronze,"3370,2579,3371,3309,2260,3271,3042",0.108000,30.24,45.36
Lesotho,Bronze,2920,0.063000,17.64,28.22
Ecuador,Bronze,"2750,2579,3160,3371,3309,3042,2260,3271",0.178000,49.84,74.76
Ecuador,Silver,2266,0.054000,15.12,24.19
Ecuador,Bronze,3001,0.099000,27.72,41.58
Ecuador,Bronze,3182,0.054000,15.12,24.19
Ecuador,Bronze,3193,0.067000,18.76,30.02
Ecuador,Bronze,2920,0.072000,20.16,30.24
El Salvador,Bronze,"2750,2579,3193,2260,3370",0.178000,49.84,74.76
El Salvador,Bronze,"2266,3182",0.054000,15.12,24.19
El Salvador,Silver,3001,0.099000,27.72,41.58
El Salvador,Bronze,2920,0.072000,20.16,30.24
Morocco,Bronze,"2750,2579,3330,3370,3042,2260,3271",0.136000,38.08,57.12
Morocco,Bronze,2217,0.118000,33.04,49.56
Morocco,Bronze,"2266,3182",0.054000,15.12,24.19
Morocco,Bronze,3001,0.099000,27.72,41.58
Morocco,Silver,3193,0.067000,18.76,30.02
Morocco,Bronze,"2738,3340,2840",0.114000,31.92,47.88
Morocco,Bronze,3160,0.062000,17.36,27.78
Morocco,Bronze,2263,0.086000,24.08,36.12
Morocco,Bronze,3237,0.131000,36.68,55.02
Morocco,Gold,3309,0.051000,14.28,22.85
Morocco,Bronze,3371,0.051000,14.28,22.85
Morocco,Silver,3335,0.051000,14.28,22.85
Morocco,Bronze,2920,0.063000,17.64,28.22
Uganda,Bronze,"2750,2579,3309,3042,2260,3271",0.166000,46.48,69.72
Uganda,Silver,2266,0.054000,15.12,24.19
Uganda,Bronze,3001,0.099000,27.72,41.58
Uganda,Bronze,3182,0.054000,15.12,24.19
Uganda,Bronze,3193,0.067000,18.76,30.02
Uganda,Bronze,2920,0.082000,22.96,34.44
Malawi,Bronze,"2750,2579,3370,3309,3042,3271",0.143000,40.04,60.06
Malawi,Bronze,"2266,3182",0.054000,15.12,24.19
Malawi,Bronze,3001,0.099000,27.72,41.58
Malawi,Bronze,3193,0.067000,18.76,30.02
Malawi,Bronze,3371,0.043000,12.04,19.26
Ghana,Bronze,"2750,2579,3160,3330,3370,3309,3042,3271",0.140000,39.20,58.80
Ghana,Bronze,2217,0.070000,19.60,31.36
Ghana,Bronze,"2266,3182",0.054000,15.12,24.19
Ghana,Bronze,3001,0.099000,27.72,41.58
Ghana,Bronze,3193,0.067000,18.76,30.02
Ghana,Bronze,3335,0.139000,38.92,58.38
Kenya,Bronze,"2750,3237",0.068000,19.04,30.46
Kenya,Bronze,2266,0.054000,15.12,24.19
Kenya,Bronze,3001,0.099000,27.72,41.58
Kenya,Bronze,"2579,3330,3309,3042,2260,3271",0.100000,28.00,42.00
Kenya,Silver,3182,0.054000,15.12,24.19
Kenya,Bronze,3193,0.067000,18.76,30.02
Kenya,Bronze,3160,0.080000,22.40,33.60
Kenya,Bronze,"3340,2920",0.072000,20.16,30.24
Kenya,Gold,3370,0.100000,28.00,42.00
Kenya,Bronze,3335,0.066000,18.48,29.57
Panama,Bronze,"2750,3371,3309,3042,2260,3271",0.136000,38.08,57.12
Panama,Bronze,"2266,3182",0.054000,15.12,24.19
Panama,Bronze,3001,0.099000,27.72,41.58
Panama,Bronze,3193,0.067000,18.76,30.02
Panama,Bronze,2920,0.072000,20.16,30.24
Jamaica,Gold,2266,0.054000,15.12,24.19
Jamaica,Bronze,3001,0.099000,27.72,41.58
Jamaica,Bronze,3182,0.054000,15.12,24.19
Jamaica,Bronze,"2579,3370,3371,3309,3042,2260,3271",0.178000,49.84,74.76
Jamaica,Bronze,2920,0.063000,17.64,28.22
Venezuela,Bronze,"2750,3370,2579,3371,3309",0.100000,28.00,42.00
Venezuela,Bronze,"2266,3182",0.054000,15.12,24.19
Venezuela,Bronze,3001,0.099000,27.72,41.58
Venezuela,Bronze,3193,0.067000,18.76,30.02
Venezuela,Bronze,3160,0.047000,13.16,21.06
Kazakhstan,Bronze,"2750,2579,2738,3330,3370,2263,3309,3042,3271",0.143000,40.04,60.06
Kazakhstan,Bronze,3001,0.099000,27.72,41.58
Kazakhstan,Bronze,3193,0.067000,18.76,30.02
Kazakhstan,Bronze,"3328,3168,3371,3421",0.058000,16.24,25.98
Kazakhstan,Bronze,2920,0.063000,17.64,28.22
Colombia,Bronze,"2286,2579,3330,2567,2260,3406,3370,3309,3042,3271",0.240000,67.20,94.08
Colombia,Bronze,2750,0.210000,58.80,82.32
Colombia,Gold,2335,0.050000,14.00,22.40
Colombia,Bronze,2217,0.138000,38.64,57.96
Colombia,Bronze,"2266,3182",0.054000,15.12,24.19
Colombia,Bronze,3001,0.099000,27.72,41.58
Colombia,Silver,3160,0.051000,14.28,22.85
Colombia,Bronze,"3109,3340",0.086000,24.08,36.12
Colombia,Bronze,3193,0.067000,18.76,30.02
Colombia,Gold,"3243,3253",0.018000,5.04,8.06
Colombia,Gold,3237,0.022000,6.16,9.86
Colombia,Bronze,3335,0.052000,14.56,23.30
Colombia,Bronze,2920,0.091000,25.48,38.22
Colombia,Bronze,3371,0.040000,11.20,17.92
Colombia,Gold,2236,0.060000,16.80,26.88
Paraguay,Bronze,"2750,3370,2579,3371,3042,3271",0.127000,35.56,53.34
Paraguay,Bronze,"2266,3160",0.054000,15.12,24.19
Paraguay,Bronze,3001,0.099000,27.72,41.58
Paraguay,Bronze,3193,0.067000,18.76,30.02
Paraguay,Bronze,"3335,3328,3418",0.126000,35.28,52.92
Paraguay,Bronze,3309,0.080000,22.40,33.60
Turkey,Bronze,"2750,2579,3406,3160,3309",0.100000,28.00,42.00
Turkey,Silver,"2266,3182",0.054000,15.12,24.19
Turkey,Bronze,3001,0.099000,27.72,41.58
Turkey,Bronze,3193,0.067000,18.76,30.02
Turkey,Bronze,"3329,3371",0.094000,26.32,39.48
Kyrgyzstan,Bronze,"2750,2579,3330,3370,3309,2260,3271",0.143000,40.04,60.06
Kyrgyzstan,Bronze,3001,0.099000,27.72,41.58
Kyrgyzstan,Bronze,3182,0.054000,15.12,24.19
Kyrgyzstan,Bronze,3193,0.067000,18.76,30.02
Kyrgyzstan,Bronze,3371,0.035000,9.80,15.68
Kyrgyzstan,Bronze,3237,0.020000,5.60,8.96
Jordan,Bronze,"2266,3182",0.054000,15.12,24.19
Jordan,Bronze,3001,0.099000,27.72,41.58
Jordan,Bronze,"2579,3371,3309,3042,2260,3271",0.178000,49.84,74.76
Jordan,Bronze,3193,0.067000,18.76,30.02
Jordan,Bronze,2920,0.063000,17.64,28.22
Cameroon,Bronze,"2750,2579,2739,2738,3330,2567,3370,3042,2260,3271",0.220000,61.60,86.24
Cameroon,Bronze,"2266,3182",0.054000,15.12,24.19
Cameroon,Bronze,3001,0.099000,27.72,41.58
Cameroon,Bronze,3109,0.143000,40.04,60.06
Cameroon,Bronze,3160,0.058000,16.24,25.98
Cameroon,Bronze,3193,0.067000,18.76,30.02
Cameroon,Bronze,2263,0.055000,15.40,24.64
Cameroon,Bronze,2840,0.219000,61.32,85.85
Cameroon,Bronze,3237,0.027000,7.56,12.10
Cameroon,Bronze,3335,0.042000,11.76,18.82
Cameroon,Bronze,2920,0.072000,20.16,30.24
Israel,Bronze,"2579,3330,2567,3370,3271",1.250000,350.00,420.00
Israel,Bronze,3001,0.099000,27.72,41.58
Israel,Bronze,3182,0.054000,15.12,24.19
Israel,Silver,3193,0.067000,18.76,30.02
Israel,Bronze,2738,0.472000,132.16,165.20
Israel,Bronze,2263,1.189000,332.92,399.50
Israel,Bronze,"3042,2260",1.334000,373.52,448.22
Israel,Bronze,2920,0.063000,17.64,28.22
Cote d`Ivoire Ivory Coast,Bronze,"2750,3193,3330,2567,2260,3370,32",0.199000,55.72,78.01
Cote d`Ivoire Ivory Coast,Silver,2266,0.054000,15.12,24.19
Cote d`Ivoire Ivory Coast,Bronze,3001,0.099000,27.72,41.58
Cote d`Ivoire Ivory Coast,Bronze,3182,0.054000,15.12,24.19
Cote d`Ivoire Ivory Coast,Bronze,3178,0.055000,15.40,24.64
Cote d`Ivoire Ivory Coast,Bronze,2840,0.198000,55.44,77.62
Cote d`Ivoire Ivory Coast,Gold,3109,0.066000,18.48,29.57
Cote d`Ivoire Ivory Coast,Bronze,3168,0.050000,14.00,22.40
Cote d`Ivoire Ivory Coast,Bronze,2920,0.063000,17.64,28.22
Belarus,Bronze,"2750,3330,3370,2579,3371,3309",0.191000,53.48,74.87
Belarus,Bronze,2266,0.054000,15.12,24.19
Belarus,Bronze,3001,0.099000,27.72,41.58
Belarus,Silver,3182,0.054000,15.12,24.19
Belarus,Bronze,3328,0.160000,44.80,67.20
Belarus,Bronze,3178,0.004000,1.12,1.79
Bulgaria,Bronze,2263,0.046000,12.88,20.61
Bulgaria,Bronze,"2750,2579,3370,3371,3309,3042,2260,3271,3168",0.151000,42.28,63.42
Bulgaria,Bronze,"2266,3182",0.054000,15.12,24.19
Bulgaria,Bronze,3001,0.099000,27.72,41.58
Bulgaria,Bronze,2738,0.060000,16.80,26.88
Bulgaria,Bronze,3193,0.067000,18.76,30.02
Bulgaria,Bronze,3237,0.059000,16.52,26.43
Bulgaria,Silver,3335,0.067000,18.76,30.02
Bulgaria,Bronze,2920,0.063000,17.64,28.22
Libya,Silver,2266,0.054000,15.12,24.19
Libya,Bronze,3001,0.099000,27.72,41.58
Libya,Bronze,3182,0.054000,15.12,24.19
Libya,Bronze,"2260,3168",0.204000,57.12,79.97
Mauritius,Bronze,"2266,3182",0.054000,15.12,24.19
Mauritius,Bronze,3001,0.099000,27.72,41.58
Mauritius,Bronze,"3370,3371,3309,3042,3271",0.136000,38.08,57.12
Mauritius,Bronze,2920,0.063000,17.64,28.22
Turkmenistan,Bronze,3001,0.099000,27.72,41.58
Turkmenistan,Bronze,3182,0.054000,15.12,24.19
Turkmenistan,Bronze,"3371,3309,3042,2260,3271",0.108000,30.24,45.36
Turkmenistan,Bronze,2920,0.072000,20.16,30.24
Azerbaijan,Bronze,"2266,3182",0.054000,15.12,24.19
Azerbaijan,Bronze,3001,0.099000,27.72,41.58
Azerbaijan,Bronze,"2579,3330,3370,3309,3042,2260,3271",0.384000,107.52,134.40
Azerbaijan,Bronze,"3160,3168",0.040000,11.20,17.92
Azerbaijan,Bronze,3193,0.067000,18.76,30.02
Azerbaijan,Bronze,3371,0.035000,9.80,15.68
Mali,Bronze,"2750,2579,3371,3309,3330,3042,2260,3271",0.203000,56.84,79.58
Mali,Bronze,2217,0.039000,10.92,17.47
Mali,Gold,2266,0.054000,15.12,24.19
Mali,Bronze,3001,0.099000,27.72,41.58
Mali,Bronze,3182,0.054000,15.12,24.19
Mali,Bronze,3193,0.067000,18.76,30.02
Mali,Bronze,3168,0.080000,22.40,33.60
Mali,Bronze,2920,0.072000,20.16,30.24
Rwanda,Bronze,3001,0.099000,27.72,41.58
Rwanda,Bronze,3182,0.054000,15.12,24.19
Rwanda,Bronze,"2579,3370,3371,3309,3042,2260,3271",0.166000,46.48,69.72
Gabon,Bronze,"2750,3160,2579,3309,3042,2260,3271",0.136000,38.08,57.12
Gabon,Bronze,"2266,3182",0.054000,15.12,24.19
Gabon,Bronze,3001,0.099000,27.72,41.58
Gabon,Bronze,3193,0.067000,18.76,30.02
Gabon,Bronze,3371,0.094000,26.32,39.48
Gabon,Bronze,2920,0.068000,19.04,30.46
Sudan,Bronze,"2750,3193,3370,3371,3309,2260,3271",0.192000,53.76,75.26
Sudan,Bronze,3001,0.099000,27.72,41.58
Sudan,Bronze,3182,0.054000,15.12,24.19
Sudan,Bronze,3168,0.060000,16.80,26.88
Spain,Gold,2263,0.135000,37.80,56.70
Spain,Bronze,"2750,2579,3370,3309,3042,2260,3271,3168",0.251000,70.28,98.39
Spain,Bronze,3001,0.099000,27.72,41.58
Spain,Silver,2738,0.206000,57.68,80.75
Spain,Bronze,3193,0.067000,18.76,30.02
Spain,Silver,3330,0.251000,70.28,98.39
Spain,Bronze,3160,0.104000,29.12,43.68
Spain,Bronze,"3329,3328",0.134000,37.52,56.28
Spain,Bronze,"3335,3371",0.118000,33.04,49.56
Spain,Bronze,3178,0.060000,16.80,26.88
Nicaragua,Bronze,"2750,2579,3371,3309,3042,2260,3271",0.118000,33.04,49.56
Nicaragua,Bronze,"2266,3182",0.054000,15.12,24.19
Nicaragua,Bronze,3001,0.099000,27.72,41.58
Nicaragua,Bronze,3193,0.067000,18.76,30.02
Nicaragua,Bronze,2920,0.072000,20.16,30.24
"Moldova, Republic of",Bronze,"2750,2579,2260,2738,3370",0.100000,28.00,42.00
"Moldova, Republic of",Bronze,"2266,3182",0.054000,15.12,24.19
"Moldova, Republic of",Bronze,3001,0.099000,27.72,41.58
"Moldova, Republic of",Bronze,3193,0.067000,18.76,30.02
"Moldova, Republic of",Bronze,3335,0.074000,20.72,31.08
"Moldova, Republic of",Bronze,"2920,3418",0.072000,20.16,30.24
United States,Gold,2617,0.662000,185.36,231.70
United States,Gold,3170,0.260000,72.80,101.92
United States,Bronze,3193,0.224000,62.72,87.81
United States,Gold,"2268,2266",0.250000,70.00,98.00
United States,Silver,2495,0.250000,70.00,98.00
United States,Gold,3196,0.214000,59.92,83.89
United States,Gold,3370,0.667000,186.76,233.45
United States,Bronze,3330,0.667000,186.76,233.45
Saudi Arabia,Bronze,"2266,3182",0.054000,15.12,24.19
Saudi Arabia,Bronze,3001,0.099000,27.72,41.58
Saudi Arabia,Bronze,3193,0.067000,18.76,30.02
Saudi Arabia,Bronze,2377,0.019000,5.32,8.51
Saudi Arabia,Bronze,"3160,3330,3370,2579",0.140000,39.20,58.80
Thailand,Bronze,2750,0.185000,51.80,72.52
Thailand,Bronze,2217,0.070000,19.60,31.36
Thailand,Bronze,"2266,3182",0.054000,15.12,24.19
Thailand,Bronze,3001,0.099000,27.72,41.58
Thailand,Bronze,"2579,3160,3330,2567,3370,3309,3042,2260,3271",1.134000,317.52,381.02
Thailand,Bronze,3193,0.067000,18.76,30.02
Thailand,Bronze,3340,0.150000,42.00,63.00
Thailand,Bronze,3237,0.071000,19.88,31.81
Thailand,Bronze,3109,0.245000,68.60,96.04
Thailand,Silver,2920,0.063000,17.64,28.22
Benin,Bronze,"2750,2579,3371,3309,3042,2260,3271",0.178000,49.84,74.76
Benin,Bronze,"2266,3182",0.054000,15.12,24.19
Benin,Bronze,3001,0.099000,27.72,41.58
Benin,Bronze,3193,0.067000,18.76,30.02
Benin,Bronze,3168,0.072000,20.16,30.24
Benin,Bronze,2920,0.063000,17.64,28.22
Costa Rica,Bronze,"2266,3182",0.054000,15.12,24.19
Costa Rica,Bronze,3001,0.099000,27.72,41.58
Costa Rica,Bronze,"3370,3042,2260,3271",0.127000,35.56,53.34
Costa Rica,Bronze,2920,0.063000,17.64,28.22
Burkina Faso,Bronze,"2750,3193,3370,2579,3042,2260,3271",0.118000,33.04,49.56
Burkina Faso,Bronze,2217,0.070000,19.60,31.36
Burkina Faso,Silver,2266,0.054000,15.12,24.19
Burkina Faso,Bronze,3001,0.099000,27.72,41.58
Burkina Faso,Bronze,3182,0.054000,15.12,24.19
Burkina Faso,Bronze,2920,0.063000,17.64,28.22
Qatar,Bronze,2266,0.054000,15.12,24.19
Qatar,Bronze,3001,0.099000,27.72,41.58
Qatar,Bronze,"2579,3370,3371,3042,2260,3271",0.178000,49.84,74.76
Belgium,Bronze,"2750,2579,3160,3370,3371,3330,3042,2260,3271",0.244000,68.32,95.65
Belgium,Bronze,"2266,3182",0.054000,15.12,24.19
Belgium,Bronze,3001,0.099000,27.72,41.58
Belgium,Bronze,3193,0.067000,18.76,30.02
Belgium,Bronze,"2263,2738",0.199000,55.72,78.01
Belgium,Bronze,3335,0.242000,67.76,94.86
United Kingdom,Gold,"2263,2738",0.045000,12.60,20.16
United Kingdom,Bronze,"2442,3109",0.066000,18.48,29.57
United Kingdom,Bronze,"2579,3330,2567,2260,3406,3370,3435",0.240000,67.20,94.08
United Kingdom,Bronze,2217,0.118000,33.04,49.56
United Kingdom,Bronze,3001,0.099000,27.72,41.58
United Kingdom,Bronze,2739,0.080000,22.40,33.60
United Kingdom,Bronze,3182,0.054000,15.12,24.19
United Kingdom,Bronze,3193,0.067000,18.76,30.02
United Kingdom,Bronze,2750,0.167000,46.76,70.14
United Kingdom,Silver,2295,0.046000,12.88,20.61
United Kingdom,Bronze,"3309,3371",0.040000,11.20,17.92
United Kingdom,Silver,3329,0.080000,22.40,33.60
United Kingdom,Gold,3368,0.050000,14.00,22.40
United Kingdom,Bronze,3248,0.134000,37.52,56.28
United Kingdom,Bronze,"3212,2920",0.027000,7.56,12.10
United Kingdom,Gold,3328,0.080000,22.40,33.60
United Kingdom,Bronze,2914,0.106000,29.68,44.52
United Kingdom,Bronze,1015,0.131000,36.68,55.02
Reunion,Bronze,3001,0.099000,27.72,41.58
Reunion,Bronze,3182,0.054000,15.12,24.19
Reunion,Bronze,"2579,3371,3309,2260,3042,3271",0.136000,38.08,57.12
Reunion,Bronze,2920,0.063000,17.64,28.22
Oman,Bronze,3001,0.099000,27.72,41.58
Oman,Bronze,3182,0.054000,15.12,24.19
Oman,Bronze,"2579,3370,3371,3042,2260,3271",0.178000,49.84,74.76
Oman,Bronze,2920,0.063000,17.64,28.22
Congo,Silver,2266,0.054000,15.12,24.19
Congo,Bronze,3001,0.099000,27.72,41.58
Congo,Bronze,3182,0.054000,15.12,24.19
Congo,Bronze,"3370,3371,3309,3421,2260,3271,3042",0.118000,33.04,49.56
Congo,Bronze,2920,0.063000,17.64,28.22
Yemen,Bronze,"2266,3182",0.054000,15.12,24.19
Yemen,Bronze,3001,0.099000,27.72,41.58
Yemen,Bronze,"2579,3330,3370,3309,3042,2260,3271",0.191000,53.48,74.87
Yemen,Gold,2377,0.012000,3.36,5.38
Yemen,Bronze,3193,0.067000,18.76,30.02
Yemen,Bronze,2920,0.063000,17.64,28.22
Uruguay,Bronze,"2266,3182",0.054000,15.12,24.19
Uruguay,Bronze,3001,0.099000,27.72,41.58
Uruguay,Bronze,"2579,3370,3309,3042,2260,3271",0.188000,52.64,73.70
Uruguay,Bronze,3371,0.168000,47.04,70.56
Uruguay,Bronze,2920,0.063000,17.64,28.22
Iraq,Bronze,2217,0.198000,55.44,77.62
Iraq,Bronze,"2266,3182",0.054000,15.12,24.19
Iraq,Bronze,3001,0.099000,27.72,41.58
Iraq,Bronze,"2579,3330,3370,3371,3309,3042,2260",0.203000,56.84,79.58
Iraq,Bronze,3193,0.067000,18.76,30.02
Iraq,Bronze,3178,0.055000,15.40,24.64
Iraq,Bronze,2920,0.063000,17.64,28.22
Iraq,Bronze,3168,0.011000,3.08,4.93
Iraq,Bronze,"3421,3328",0.182000,50.96,71.34
Iraq,Bronze,3335,0.202000,56.56,79.18
Senegal,Bronze,"2750,2579,3371,3309,3042,2260,3271",0.127000,35.56,53.34
Senegal,Bronze,"2266,3182",0.054000,15.12,24.19
Senegal,Bronze,3001,0.099000,27.72,41.58
Senegal,Bronze,3193,0.067000,18.76,30.02
Germany,Bronze,2263,0.406000,113.68,142.10
Germany,Bronze,2738,0.411000,115.08,143.85
Germany,Bronze,"2750,2579,2442,3160,3330,3370,3042,2260,3271",0.752000,210.56,252.67
Germany,Bronze,"3001,3335,3371,3309",0.099000,27.72,41.58
Germany,Gold,2739,0.140000,39.20,58.80
Germany,Gold,3182,0.054000,15.12,24.19
Germany,Bronze,3193,0.067000,18.76,30.02
Germany,Bronze,"3329,3418,3314",0.139000,38.92,58.38
Germany,Bronze,2567,0.480000,134.40,168.00
Germany,Bronze,3394,0.327000,91.56,128.18
Germany,Bronze,3087,0.534000,149.52,186.90
Germany,Bronze,2920,0.070000,19.60,31.36
Lao People`s,Bronze,2217,0.095000,26.60,39.90
Lao People`s,Bronze,"2266,3182",0.054000,15.12,24.19
Lao People`s,Bronze,3001,0.099000,27.72,41.58
Lao People`s,Bronze,"2579,3330,2567,2260,3411,3370",0.134000,37.52,56.28
Lao People`s,Bronze,3193,0.067000,18.76,30.02
Lao People`s,Bronze,"3109,3418",0.084000,23.52,35.28
Lao People`s,Bronze,3160,0.072000,20.16,30.24
Lao People`s,Bronze,3421,0.132000,36.96,55.44
Poland,Bronze,2263,0.135000,37.80,56.70
Poland,Bronze,2738,0.488000,136.64,170.80
Poland,Bronze,"2579,3330,3370,2260,3271",0.752000,210.56,252.67
Poland,Bronze,2217,0.118000,33.04,49.56
Poland,Bronze,"2266,3182",0.054000,15.12,24.19
Poland,Bronze,3001,0.099000,27.72,41.58
Poland,Bronze,2739,0.059000,16.52,26.43
Poland,Silver,3193,0.067000,18.76,30.02
Poland,Silver,"3160,3335",0.090000,25.20,37.80
Poland,Bronze,3309,0.090000,25.20,37.80
Poland,Silver,3237,0.106000,29.68,44.52
Poland,Bronze,3087,0.267000,74.76,104.66
Poland,Bronze,2284,0.055000,15.40,24.64
Poland,Silver,2920,0.063000,17.64,28.22
Poland,Bronze,3418,0.219000,61.32,85.85
Poland,Bronze,2193,0.179000,50.12,70.17
Togo,Bronze,"2750,3160,2579,3371,3309,3042,2260,3271",0.127000,35.56,53.34
Togo,Bronze,"2266,3182",0.054000,15.12,24.19
Togo,Bronze,3001,0.099000,27.72,41.58
Togo,Bronze,3193,0.067000,18.76,30.02
Togo,Bronze,3168,0.072000,20.16,30.24
Togo,Bronze,2920,0.063000,17.64,28.22
Niger,Bronze,"2266,3182",0.054000,15.12,24.19
Niger,Bronze,3001,0.099000,27.72,41.58
Niger,Bronze,"2579,3370,3371,3309,2260,3271,3042",0.166000,46.48,69.72
Niger,Bronze,2920,0.063000,17.64,28.22
Syrian Arab Republic,Bronze,"2266,3182",0.054000,15.12,24.19
Syrian Arab Republic,Bronze,3001,0.099000,27.72,41.58
Syrian Arab Republic,Bronze,3370,0.270000,75.60,105.84
Syrian Arab Republic,Silver,3178,0.063000,17.64,28.22
Syrian Arab Republic,Bronze,3168,0.072000,20.16,30.24
Hungary,Bronze,"2750,2579,2260,3042",0.183000,51.24,71.74
Hungary,Bronze,2266,0.054000,15.12,24.19
Hungary,Bronze,3001,0.099000,27.72,41.58
Hungary,Bronze,3193,0.067000,18.76,30.02
Hungary,Bronze,"3309,3335",0.148000,41.44,62.16
Hungary,Bronze,2920,0.072000,20.16,30.24
Bhutan,Bronze,3001,0.099000,27.72,41.58
Bhutan,Bronze,3182,0.054000,15.12,24.19
Bhutan,Bronze,"3411,3370,3371,3309,3042,2260,3271",0.118000,33.04,49.56
Bhutan,Bronze,2920,0.072000,20.16,30.24
Burundi,Bronze,"2750,2579,3370,3371,3309,3042,2260,3271",0.166000,46.48,69.72
Burundi,Bronze,"2266,3182",0.054000,15.12,24.19
Burundi,Bronze,3001,0.099000,27.72,41.58
Burundi,Bronze,3193,0.067000,18.76,30.02
Burundi,Bronze,2920,0.063000,17.64,28.22
Malaysia,Bronze,"2750,2579,3330,3370,2567,3421,3309,3042,2260,3271",0.134000,37.52,56.28
Malaysia,Bronze,2217,0.060000,16.80,26.88
Malaysia,Bronze,"2266,3182",0.054000,15.12,24.19
Malaysia,Bronze,3001,0.099000,27.72,41.58
Malaysia,Bronze,3193,0.067000,18.76,30.02
Malaysia,Bronze,3160,0.080000,22.40,33.60
Malaysia,Bronze,3335,0.026000,7.28,11.65
Malaysia,Bronze,2920,0.072000,20.16,30.24
Netherlands,Bronze,2263,0.363000,101.64,127.05
Netherlands,Bronze,2738,0.268000,75.04,105.06
Netherlands,Bronze,2442,0.395000,110.60,138.25
Netherlands,Bronze,"2750,2579,3330,3309,3042,2260,3271",0.752000,210.56,252.67
Netherlands,Bronze,2217,0.118000,33.04,49.56
Netherlands,Bronze,"2266,3182",0.054000,15.12,24.19
Netherlands,Bronze,3001,0.099000,27.72,41.58
Netherlands,Gold,2739,0.134000,37.52,56.28
Netherlands,Bronze,3193,0.067000,18.76,30.02
Netherlands,Bronze,"3160,3329,3418,3328",0.107000,29.96,44.94
Netherlands,Bronze,3198,0.080000,22.40,33.60
Netherlands,Bronze,3178,0.014000,3.92,6.27
Netherlands,Silver,3237,0.076000,21.28,31.92
Netherlands,Bronze,2567,0.600000,168.00,210.00
Netherlands,Bronze,3087,0.200000,56.00,78.40
Netherlands,Bronze,3394,0.530000,148.40,185.50
Netherlands,Bronze,"3335,3371",0.089000,24.92,37.38
Netherlands,Bronze,2920,0.072000,20.16,30.24
Netherlands,Bronze,3433,0.198000,55.44,77.62
Equatorial Guinea,Bronze,"2266,3182",0.054000,15.12,24.19
Equatorial Guinea,Bronze,3001,0.099000,27.72,41.58
Equatorial Guinea,Bronze,"3370,3271",0.144000,40.32,60.48
United Arab Emirates,Bronze,"2266,3182",0.054000,15.12,24.19
United Arab Emirates,Bronze,3001,0.099000,27.72,41.58
United Arab Emirates,Bronze,3160,5.883000,1647.24,1976.69
United Arab Emirates,Bronze,"2260,3370,3328,3418",0.127000,35.56,53.34
United Arab Emirates,Bronze,2920,0.063000,17.64,28.22
United Arab Emirates,Bronze,3335,0.207000,57.96,81.14
Trinidad and Tobago,Silver,2266,0.054000,15.12,24.19
Trinidad and Tobago,Bronze,3001,0.099000,27.72,41.58
Trinidad and Tobago,Bronze,3182,0.054000,15.12,24.19
Trinidad and Tobago,Bronze,3370,0.166000,46.48,69.72
Cambodia,Bronze,"2750,2579,3160,3330,3411,3370,3309,3042,2260,3271",0.134000,37.52,56.28
Cambodia,Gold,2290,0.009000,2.52,4.03
Cambodia,Bronze,3082,0.094000,26.32,39.48
Cambodia,Bronze,3001,0.099000,27.72,41.58
Cambodia,Bronze,3182,0.054000,15.12,24.19
Cambodia,Bronze,3193,0.067000,18.76,30.02
Cambodia,Bronze,3335,0.089000,24.92,37.38
Cambodia,Bronze,3237,0.079000,22.12,33.18
Cambodia,Bronze,3168,0.051000,14.28,22.85
Cambodia,Bronze,2920,0.063000,17.64,28.22
Cambodia,Bronze,"3421,3371",0.104000,29.12,43.68
South Sudan,Bronze,"2266,3182",0.054000,15.12,24.19
South Sudan,Bronze,3001,0.099000,27.72,41.58
South Sudan,Bronze,"2579,3370,3042,2260,3271",0.144000,40.32,60.48
South Sudan,Bronze,2920,0.063000,17.64,28.22
South Sudan,Bronze,3168,0.048000,13.44,21.50
Mauritania,Bronze,"2750,2579,3371,3309,2260,3042",0.167000,46.76,70.14
Mauritania,Bronze,"2266,3182",0.054000,15.12,24.19
Mauritania,Bronze,3001,0.099000,27.72,41.58
Mauritania,Bronze,3193,0.067000,18.76,30.02
Mauritania,Bronze,3168,0.059000,16.52,26.43
Mauritania,Bronze,2920,0.063000,17.64,28.22
Philippines,Silver,2263,0.054000,15.12,24.19
Philippines,Bronze,"2750,2579,3330,3370,3309,3042,2260,3271",0.251000,70.28,98.39
Philippines,Gold,2217,0.065000,18.20,29.12
Philippines,Bronze,2266,0.054000,15.12,24.19
Philippines,Bronze,3001,0.099000,27.72,41.58
Philippines,Bronze,2738,0.114000,31.92,47.88
Philippines,Bronze,"2739,3371",0.066000,18.48,29.57
Philippines,Gold,3182,0.054000,15.12,24.19
Philippines,Gold,3109,0.036000,10.08,16.13
Philippines,Bronze,"3193,3418",0.067000,18.76,30.02
Philippines,Bronze,3340,0.087000,24.36,36.54
Philippines,Bronze,2920,0.181000,50.68,70.95
China,Bronze,3182,0.054000,15.12,24.19
China,Bronze,3193,0.067000,18.76,30.02
China,Bronze,"3371,3309",0.181000,50.68,70.95
Kuwait,Bronze,"2266,3182",0.054000,15.12,24.19
Kuwait,Bronze,3001,0.099000,27.72,41.58
Kuwait,Bronze,"2579,3371,3271",5.883000,1647.24,1976.69
Kuwait,Bronze,"3370,2260",0.178000,49.84,74.76
Kuwait,Bronze,3168,0.059000,16.52,26.43
Kuwait,Bronze,3335,0.290000,81.20,113.68
Guinea-Bissau,Bronze,"2750,2579,3370,3042,2260,3271",0.166000,46.48,69.72
Guinea-Bissau,Bronze,"2266,3182",0.054000,15.12,24.19
Guinea-Bissau,Bronze,3001,0.099000,27.72,41.58
Guinea-Bissau,Bronze,2920,0.063000,17.64,28.22
Maldives,Bronze,"2266,3182",0.054000,15.12,24.19
Maldives,Bronze,3001,0.099000,27.72,41.58
Maldives,Bronze,"2579,3160,3370,3371,3309,3042,3271",0.181000,50.68,70.95
Portugal,Bronze,"2750,2579,3370,3433,3330,3042,3271",0.752000,210.56,252.67
Portugal,Bronze,2266,0.054000,15.12,24.19
Portugal,Bronze,3001,0.099000,27.72,41.58
Portugal,Gold,3182,0.054000,15.12,24.19
Portugal,Bronze,2442,0.216000,60.48,84.67
Portugal,Bronze,2263,0.202000,56.56,79.18
Portugal,Bronze,2738,0.679000,190.12,237.65
Portugal,Bronze,3193,0.067000,18.76,30.02
Portugal,Bronze,2739,0.275000,77.00,107.80
Portugal,Silver,3309,0.107000,29.96,44.94
Portugal,Gold,"3329,3314",0.135000,37.80,56.70
Portugal,Bronze,3160,0.135000,37.80,56.70
Portugal,Bronze,"2567,3087",0.400000,112.00,140.00
Portugal,Silver,3340,0.679000,190.12,237.65
Portugal,Gold,3132,0.046000,12.88,20.61
Portugal,Bronze,2920,0.072000,20.16,30.24
Portugal,Gold,3407,0.063000,17.64,28.22
Bosnia and Herzegovina,Bronze,"2750,2260,3370",0.230000,64.40,90.16
Bosnia and Herzegovina,Bronze,"2266,3182",0.054000,15.12,24.19
Bosnia and Herzegovina,Bronze,3001,0.099000,27.72,41.58
Bosnia and Herzegovina,Bronze,3193,0.067000,18.76,30.02
Bosnia and Herzegovina,Bronze,2920,0.068000,19.04,30.46
Somalia,Bronze,"2266,3182",0.054000,15.12,24.19
Somalia,Bronze,3001,0.099000,27.72,41.58
Somalia,Bronze,"3370,2579,3371,3421,3042,2260,3271",0.127000,35.56,53.34
Somalia,Bronze,3309,0.082000,22.96,34.44
Somalia,Bronze,2920,0.063000,17.64,28.22
Barbados,Bronze,3001,0.099000,27.72,41.58
Barbados,Bronze,3182,0.054000,15.12,24.19
Barbados,Bronze,"3370,2579,3371,3309,3042,2260,3271",0.166000,46.48,69.72
Barbados,Bronze,2920,0.068000,19.04,30.46
Martinique,Bronze,3001,0.099000,27.72,41.58
Martinique,Bronze,3182,0.054000,15.12,24.19
Dominican Republic,Bronze,"2750,2260,3370",0.136000,38.08,57.12
Dominican Republic,Bronze,"2266,3182",0.054000,15.12,24.19
Dominican Republic,Bronze,3001,0.099000,27.72,41.58
Dominican Republic,Bronze,2920,0.063000,17.64,28.22
Gambia,Bronze,"2750,2579,3330,3370,3371,3309,3042,2260,3271",0.181000,50.68,70.95
Gambia,Bronze,2266,0.054000,15.12,24.19
Gambia,Bronze,3001,0.099000,27.72,41.58
Gambia,Gold,3182,0.054000,15.12,24.19
Gambia,Bronze,3193,0.067000,18.76,30.02
Afghanistan,Bronze,"2217,3168",0.048000,13.44,21.50
Afghanistan,Bronze,"2266,3182,3178",0.054000,15.12,24.19
Afghanistan,Bronze,3001,0.099000,27.72,41.58
Afghanistan,Bronze,"2579,3160,3370,3371,3309,3330,3042,2260,3271",0.314000,87.92,123.09
Afghanistan,Bronze,3193,0.067000,18.76,30.02
Afghanistan,Bronze,3335,0.208000,58.24,81.54
Afghanistan,Bronze,2920,0.072000,20.16,30.24
Armenia,Bronze,"2750,2579,3370,3371,3309,3042,2260,3271",0.143000,40.04,60.06
Armenia,Bronze,3001,0.099000,27.72,41.58
Armenia,Bronze,3182,0.054000,15.12,24.19
Armenia,Bronze,3193,0.067000,18.76,30.02
Guyana,Silver,2266,0.054000,15.12,24.19
Guyana,Bronze,3001,0.099000,27.72,41.58
Guyana,Bronze,"2579,3370,3371,3309,2260,3271",0.166000,46.48,69.72
Guyana,Bronze,3182,0.054000,15.12,24.19
Chad,Bronze,"2750,2579,3330,3371,3309,3042,2260,3271",0.226000,63.28,88.59
Chad,Bronze,"2266,3182",0.054000,15.12,24.19
Chad,Bronze,3001,0.099000,27.72,41.58
Chad,Bronze,3193,0.067000,18.76,30.02
Chad,Bronze,2920,0.072000,20.16,30.24
Switzerland,Bronze,"2750,2579,3160,2442,3394,3309,2260,3271,3042",0.188000,52.64,73.70
Switzerland,Bronze,"2266,3182",0.054000,15.12,24.19
Switzerland,Bronze,3001,0.099000,27.72,41.58
Switzerland,Bronze,3193,0.067000,18.76,30.02
Switzerland,Bronze,"3329,3371",0.186000,52.08,72.91
Switzerland,Bronze,2920,0.072000,20.16,30.24
Puerto Rico,Bronze,"2266,3182",0.054000,15.12,24.19
Puerto Rico,Bronze,3001,0.099000,27.72,41.58
Puerto Rico,Bronze,"2579,3370,2260,3042,3271",0.191000,53.48,74.87
Puerto Rico,Bronze,2920,0.063000,17.64,28.22
Ireland,Bronze,"2750,2579,3160,3330,3371,3309,3042,2260,3271",0.314000,87.92,123.09
Ireland,Bronze,"2266,3182",0.054000,15.12,24.19
Ireland,Bronze,3001,0.099000,27.72,41.58
Ireland,Bronze,3193,0.067000,18.76,30.02
Ireland,Bronze,2738,0.276000,77.28,108.19
Ireland,Bronze,2263,0.224000,62.72,87.81
Ireland,Gold,3329,0.224000,62.72,87.81
Ireland,Bronze,3335,0.126000,35.28,52.92
Ireland,Bronze,2920,0.072000,20.16,30.24
Ireland,Bronze,3237,0.111000,31.08,46.62
Serbia,Bronze,"2266,3182",0.054000,15.12,24.19
Serbia,Bronze,3001,0.099000,27.72,41.58
Serbia,Bronze,3193,0.067000,18.76,30.02
Serbia,Bronze,"2579,3371,3309",0.100000,28.00,42.00
Estonia,Bronze,"2750,3330,2260,3370,3042,3168,3271",0.118000,33.04,49.56
Estonia,Bronze,"2266,3182",0.054000,15.12,24.19
Estonia,Bronze,3001,0.099000,27.72,41.58
Estonia,Bronze,3193,0.067000,18.76,30.02
Estonia,Bronze,"3309,3371,3328",0.063000,17.64,28.22
Estonia,Silver,3237,0.040000,11.20,17.92
Estonia,Bronze,2738,0.104000,29.12,43.68
Estonia,Bronze,2920,0.072000,20.16,30.24
Bahrain,Bronze,"2266,3182",0.054000,15.12,24.19
Bahrain,Bronze,3001,0.099000,27.72,41.58
Bahrain,Bronze,"2579,3370,3371,3042,2260,3271",0.178000,49.84,74.76
Czech Republic,Bronze,2263,0.215000,60.20,84.28
Czech Republic,Bronze,2738,0.087000,24.36,36.54
Czech Republic,Bronze,"2750,2579,3160,2567,2260,3370,3330",0.435000,121.80,152.25
Czech Republic,Bronze,3001,0.099000,27.72,41.58
Czech Republic,Bronze,3182,0.054000,15.12,24.19
Czech Republic,Bronze,3193,0.067000,18.76,30.02
Czech Republic,Silver,3309,0.090000,25.20,37.80
Czech Republic,Bronze,3087,0.267000,74.76,104.66
Czech Republic,Bronze,2920,0.063000,17.64,28.22
Czech Republic,Gold,3418,0.102000,28.56,42.84
Czech Republic,Bronze,3371,0.102000,28.56,42.84
Guadeloupe,Bronze,3001,0.099000,27.72,41.58
Guadeloupe,Bronze,3182,0.054000,15.12,24.19
Guadeloupe,Bronze,"2579,3371,3309,2260,3042",0.108000,30.24,45.36
Guadeloupe,Bronze,2920,0.072000,20.16,30.24
Norway,Bronze,"2750,3370,2579,3371,3309,3042,2260,3271",0.142000,39.76,59.64
Norway,Bronze,"2266,3182",0.054000,15.12,24.19
Norway,Bronze,3001,0.099000,27.72,41.58
Norway,Bronze,3193,0.067000,18.76,30.02
Norway,Bronze,2920,0.072000,20.16,30.24
Norway,Bronze,3168,0.063000,17.64,28.22
Italy,Bronze,"2750,2442,3371,2260",0.142000,39.76,59.64
Italy,Bronze,2966,0.122000,34.16,51.24
Italy,Bronze,"2266,3182",0.054000,15.12,24.19
Italy,Bronze,3001,0.099000,27.72,41.58
Italy,Bronze,2738,0.107000,29.96,44.94
Italy,Bronze,"2579,3307,3370,3406,3309,3271",1.125000,315.00,378.00
Italy,Bronze,3193,0.067000,18.76,30.02
Italy,Bronze,3160,0.202000,56.56,79.18
Italy,Bronze,2615,0.138000,38.64,57.96
Italy,Bronze,3237,0.459000,128.52,160.65
Italy,Bronze,"3329,3414,3418,3421",0.192000,53.76,75.26
Italy,Bronze,3335,0.148000,41.44,62.16
Italy,Bronze,3168,0.063000,17.64,28.22
Italy,Bronze,3304,0.376000,105.28,131.60
Romania,Bronze,2750,0.147000,41.16,61.74
Romania,Bronze,2266,0.054000,15.12,24.19
Romania,Bronze,3001,0.099000,27.72,41.58
Romania,Bronze,"2579,3330,3370,3042,2260,3271",0.400000,112.00,140.00
Romania,Silver,3182,0.054000,15.12,24.19
Romania,Silver,2738,0.082000,22.96,34.44
Romania,Bronze,3193,0.067000,18.76,30.02
Romania,Bronze,3160,0.107000,29.96,44.94
Romania,Bronze,"2263,3371,3309",0.062000,17.36,27.78
Romania,Bronze,3237,0.040000,11.20,17.92
Romania,Bronze,2739,0.130000,36.40,54.60
Romania,Bronze,3168,0.063000,17.64,28.22
Cyprus,Bronze,"2750,2579,3042,2260,3271",0.177000,49.56,74.34
Cyprus,Bronze,"2266,3182",0.054000,15.12,24.19
Cyprus,Bronze,3001,0.099000,27.72,41.58
Cyprus,Bronze,3193,0.067000,18.76,30.02
Cyprus,Bronze,3371,0.090000,25.20,37.80
Cyprus,Bronze,3309,0.087000,24.36,36.54
Cyprus,Bronze,3328,0.126000,35.28,52.92
Luxembourg,Bronze,"2750,2579,3309,3371,2260,3042",0.142000,39.76,59.64
Luxembourg,Bronze,"2266,3182",0.054000,15.12,24.19
Luxembourg,Bronze,3001,0.099000,27.72,41.58
Luxembourg,Bronze,3193,0.067000,18.76,30.02
Luxembourg,Bronze,2920,0.072000,20.16,30.24
Suriname,Bronze,"2266,3182",0.054000,15.12,24.19
Suriname,Bronze,3001,0.099000,27.72,41.58
Suriname,Bronze,"2579,3370,3371,3309,3042,2260",0.178000,49.84,74.76
Suriname,Bronze,2920,0.063000,17.64,28.22
Guatemala,Gold,2266,0.054000,15.12,24.19
Guatemala,Silver,3001,0.099000,27.72,41.58
Guatemala,Bronze,3182,0.054000,15.12,24.19
Guatemala,Silver,2579,0.148000,41.44,62.16
Guatemala,Bronze,"3370,3309,3042,2260",0.148000,41.44,62.16
Guatemala,Bronze,"2920,3421",0.063000,17.64,28.22
Guatemala,Bronze,3371,0.090000,25.20,37.80
Madagascar,Silver,2217,0.048000,13.44,21.50
Madagascar,Bronze,"2266,3182",0.054000,15.12,24.19
Madagascar,Bronze,"3330,3370,3371,3309,3042",0.091000,25.48,38.22
Madagascar,Bronze,3178,0.040000,11.20,17.92
Indonesia,Bronze,"2263,3182",0.054000,15.12,24.19
Indonesia,Bronze,"2750,2579,3211,3330,3406,3370,2442,2434,3309,1085,3042,2260,3353,3271,3127,54",0.100000,28.00,42.00
Indonesia,Bronze,"2295,3168,1170,1329,3061",0.063000,17.64,28.22
Indonesia,Bronze,2738,0.055000,15.40,24.64
Indonesia,Silver,3109,0.019000,5.32,8.51
Indonesia,Bronze,2217,0.039000,10.92,17.47
Indonesia,Bronze,3001,0.099000,27.72,41.58
Indonesia,Bronze,2739,0.042000,11.76,18.82
Indonesia,Bronze,"3160,3251,3308",0.036000,10.08,16.13
Indonesia,Bronze,3193,0.067000,18.76,30.02
Indonesia,Bronze,"3340,3427",0.034000,9.52,15.23
Indonesia,Silver,3327,0.034000,9.52,15.23
Indonesia,Bronze,2920,0.072000,20.16,30.24
Indonesia,Gold,"3334,3333,3377",0.014000,3.92,6.27
Indonesia,Silver,3355,0.027000,7.56,12.10
Indonesia,Bronze,3224,0.040000,11.20,17.92
Indonesia,Bronze,3349,0.043000,12.04,19.26
Indonesia,Gold,3347,0.018000,5.04,8.06
Indonesia,Silver,3408,0.016000,4.48,7.17
Indonesia,Bronze,"3426,3339",0.032000,8.96,14.34
Indonesia,Gold,3417,0.060000,16.80,26.88
Indonesia,Bronze,2992,0.035000,9.80,15.68
Indonesia,Gold,2272,0.063000,17.64,28.22
Indonesia,Silver,3424,0.063000,17.64,28.22
Sweden,Bronze,"2750,2579,2567,3309,3042,2260,3271",0.752000,210.56,252.67
Sweden,Bronze,3182,0.054000,15.12,24.19
Sweden,Bronze,3193,0.067000,18.76,30.02
Sweden,Bronze,3237,0.150000,42.00,63.00
Sweden,Bronze,2738,0.159000,44.52,66.78
Sweden,Bronze,3371,0.274000,76.72,107.41
Sweden,Bronze,3087,0.267000,74.76,104.66
Antigua and Barbuda,Bronze,3001,0.099000,27.72,41.58
Antigua and Barbuda,Bronze,3182,0.054000,15.12,24.19
Djibouti,Bronze,3001,0.099000,27.72,41.58
Djibouti,Bronze,3182,0.054000,15.12,24.19
Djibouti,Bronze,"3371,3309,3042,2260,3271",0.108000,30.24,45.36
Djibouti,Bronze,2920,0.072000,20.16,30.24
Finland,Bronze,"2750,2579,3371,3309,3168,2260,3042",0.177000,49.56,74.34
Finland,Bronze,"2266,3182",0.054000,15.12,24.19
Finland,Bronze,3001,0.099000,27.72,41.58
Finland,Bronze,3193,0.067000,18.76,30.02
Finland,Bronze,"3418,3328",0.147000,41.16,61.74
French Guiana,Bronze,3001,0.099000,27.72,41.58
French Guiana,Bronze,3182,0.054000,15.12,24.19
French Guiana,Bronze,"3042,3271",0.108000,30.24,45.36
Saint Lucia,Bronze,3001,0.099000,27.72,41.58
Saint Lucia,Bronze,3182,0.054000,15.12,24.19
Montenegro,Bronze,3001,0.099000,27.72,41.58
Montenegro,Bronze,3182,0.054000,15.12,24.19
Montenegro,Bronze,"3370,2579,3371,3042,2260,3271",0.188000,52.64,73.70
Montenegro,Bronze,2920,0.072000,20.16,30.24
Canada,Bronze,"2430,2440,2441,2767,2675,2748,2524,2784,2681,2620,2568,2567",0.040000,11.20,17.92
Canada,Bronze,"2462,2750,2579,3330,3406,3370,3309,2260,3042",0.200000,56.00,78.40
Canada,Bronze,2217,0.118000,33.04,49.56
Canada,Bronze,"2266,3182",0.054000,15.12,24.19
Canada,Silver,3001,0.099000,27.72,41.58
Canada,Bronze,3160,0.080000,22.40,33.60
Canada,Bronze,"3140,3329",0.024000,6.72,10.75
Canada,Bronze,3228,0.027000,7.56,12.10
Canada,Bronze,3198,0.030000,8.40,13.44
Canada,Bronze,2840,0.199000,55.72,78.01
Canada,Bronze,2920,0.063000,17.64,28.22
Canada,Bronze,3314,0.031000,8.68,13.89
Canada,Bronze,2262,0.060000,16.80,26.88
Cuba,Bronze,"2750,2579,3160,3370,3371,3309,3042,2260,3271",0.270000,75.60,105.84
Cuba,Bronze,"2266,3182",0.054000,15.12,24.19
Cuba,Bronze,3001,0.099000,27.72,41.58
Cuba,Bronze,3335,0.267000,74.76,104.66
Cuba,Bronze,2920,0.063000,17.64,28.22
Greece,Bronze,2263,0.068000,19.04,30.46
Greece,Bronze,2738,0.093000,26.04,39.06
Greece,Bronze,"2750,2579,3160,3370,3330,3042,2260,3271",0.507000,141.96,177.45
Greece,Bronze,"2266,3182",0.054000,15.12,24.19
Greece,Bronze,3001,0.099000,27.72,41.58
Greece,Bronze,"3193,3309",0.067000,18.76,30.02
Greece,Silver,3237,0.060000,16.80,26.88
Greece,Bronze,"3335,3418",0.080000,22.40,33.60
Greece,Bronze,"2920,2470",0.063000,17.64,28.22
Greece,Silver,3328,0.080000,22.40,33.60
Chile,Bronze,"2750,2579,3370,3309,3042,2260,3271",0.107000,29.96,44.94
Chile,Bronze,2217,0.056000,15.68,25.09
Chile,Bronze,"2266,3182",0.054000,15.12,24.19
Chile,Bronze,3001,0.099000,27.72,41.58
Chile,Bronze,3109,0.075000,21.00,31.50
Chile,Bronze,3193,0.067000,18.76,30.02
Chile,Bronze,3160,0.094000,26.32,39.48
Chile,Bronze,3237,0.040000,11.20,17.92
Chile,Bronze,3350,0.027000,7.56,12.10
Chile,Bronze,3235,0.019000,5.32,8.51
Chile,Gold,3419,0.019000,5.32,8.51
Chile,Bronze,2920,0.063000,17.64,28.22
Chile,Bronze,2974,0.055000,15.40,24.64
Georgia,Bronze,"2750,2579,3178,3370,2260,3271",0.136000,38.08,57.12
Georgia,Bronze,3001,0.099000,27.72,41.58
Georgia,Bronze,3182,0.054000,15.12,24.19
Georgia,Bronze,"3193,3335",0.067000,18.76,30.02
Georgia,Silver,3309,0.063000,17.64,28.22
Georgia,Bronze,2263,0.095000,26.60,39.90
Georgia,Bronze,"2738,3421,3418",0.080000,22.40,33.60
Georgia,Silver,3237,0.064000,17.92,28.67
Georgia,Bronze,"3371,3168",0.063000,17.64,28.22
Sierra Leone,Bronze,"2750,2579,3042,2260,3271",0.143000,40.04,60.06
Sierra Leone,Bronze,2266,0.054000,15.12,24.19
Sierra Leone,Bronze,3001,0.099000,27.72,41.58
Sierra Leone,Silver,3182,0.054000,15.12,24.19
Sierra Leone,Bronze,3160,0.072000,20.16,30.24
Sierra Leone,Bronze,3193,0.067000,18.76,30.02
Sierra Leone,Bronze,2920,0.063000,17.64,28.22
Bahamas,Bronze,3001,0.099000,27.72,41.58
Bahamas,Bronze,3182,0.054000,15.12,24.19
Bahamas,Bronze,"2579,3370,3371,3309,2260,3271,3042",0.166000,46.48,69.72
Bahamas,Bronze,2920,0.063000,17.64,28.22
Bolivia,Bronze,"2750,3160,3371,3309,3042,2260,3271",0.102000,28.56,42.84
Bolivia,Bronze,"2266,3182",0.054000,15.12,24.19
Bolivia,Bronze,3001,0.099000,27.72,41.58
Bolivia,Bronze,3193,0.067000,18.76,30.02
Bolivia,Bronze,2920,0.072000,20.16,30.24
Grenada,Bronze,3001,0.099000,27.72,41.58
Grenada,Bronze,3182,0.054000,15.12,24.19
Grenada,Bronze,"2579,3370,3371,3309,3042,3271",0.168000,47.04,70.56
Grenada,Bronze,2920,0.063000,17.64,28.22
Latvia,Bronze,"2750,2579,3330,3370,3042,2260",0.314000,87.92,123.09
Latvia,Bronze,3001,0.099000,27.72,41.58
Latvia,Silver,3182,0.054000,15.12,24.19
Latvia,Bronze,3193,0.067000,18.76,30.02
Latvia,Bronze,3309,0.072000,20.16,30.24
Latvia,Bronze,3237,0.177000,49.56,74.34
Latvia,Bronze,2567,0.214000,59.92,83.89
Latvia,Bronze,3340,0.091000,25.48,38.22
Tajikistan,Bronze,"2579,3370,3309,3042,2260,3271",0.143000,40.04,60.06
Tajikistan,Bronze,"2266,3182",0.054000,15.12,24.19
Tajikistan,Bronze,3001,0.099000,27.72,41.58
Tajikistan,Bronze,3193,0.067000,18.76,30.02
Tajikistan,Bronze,2920,0.063000,17.64,28.22
Tajikistan,Bronze,3335,0.043000,12.04,19.26
Tajikistan,Bronze,3371,0.060000,16.80,26.88
Brunei Darussalam,Bronze,3001,0.099000,27.72,41.58
Brunei Darussalam,Bronze,3182,0.054000,15.12,24.19
Brunei Darussalam,Bronze,3371,0.118000,33.04,49.56
Cayman islands,Bronze,3001,0.099000,27.72,41.58
Cayman islands,Bronze,3182,0.054000,15.12,24.19
Cayman islands,Bronze,"2579,3042,2260,3271",0.108000,30.24,45.36
Cayman islands,Bronze,2920,0.072000,20.16,30.24
Saint Vincent,Bronze,"2266,3182",0.054000,15.12,24.19
Saint Vincent,Bronze,3001,0.099000,27.72,41.58
Saint Vincent,Bronze,3370,0.108000,30.24,45.36
Albania,Bronze,"2266,3182",0.054000,15.12,24.19
Albania,Bronze,3001,0.099000,27.72,41.58
Albania,Bronze,"2579,3370,3371",0.142000,39.76,59.64
Slovenia,Bronze,"2750,3160,3330,3370",0.136000,38.08,57.12
Slovenia,Bronze,"2266,3182",0.054000,15.12,24.19
Slovenia,Bronze,3001,0.099000,27.72,41.58
Slovenia,Bronze,3193,0.067000,18.76,30.02
Slovenia,Bronze,3309,0.072000,20.16,30.24
Slovenia,Bronze,3371,0.087000,24.36,36.54
Hong Kong,Bronze,"2750,3330,2260,2579,3370,3042,3271",0.100000,28.00,42.00
Hong Kong,Bronze,2217,0.089000,24.92,37.38
Hong Kong,Bronze,"2266,3182",0.054000,15.12,24.19
Hong Kong,Bronze,3001,0.099000,27.72,41.58
Hong Kong,Bronze,3109,0.084000,23.52,35.28
Hong Kong,Bronze,3193,0.067000,18.76,30.02
Hong Kong,Gold,3237,0.040000,11.20,17.92
Hong Kong,Silver,3328,0.059000,16.52,26.43
Hong Kong,Bronze,2920,0.072000,20.16,30.24
Saint Kitts and Nevis,Bronze,3001,0.099000,27.72,41.58
Saint Kitts and Nevis,Bronze,3182,0.054000,15.12,24.19
Saint Kitts and Nevis,Bronze,3370,0.178000,49.84,74.76
Taiwan,Bronze,2266,0.054000,15.12,24.19
Taiwan,Bronze,3001,0.099000,27.72,41.58
Taiwan,Bronze,3193,0.067000,18.76,30.02
Taiwan,Bronze,"3371,3309,2260,3271",0.181000,50.68,70.95
Lithuania,Bronze,"2750,2579,3330,3370,3042,2260,3271",0.335000,93.80,131.32
Lithuania,Bronze,"2266,3182",0.054000,15.12,24.19
Lithuania,Bronze,3001,0.099000,27.72,41.58
Lithuania,Silver,3193,0.067000,18.76,30.02
Lithuania,Bronze,"3309,3371",0.122000,34.16,51.24
Lithuania,Bronze,3087,0.200000,56.00,78.40
Lithuania,Bronze,2920,0.072000,20.16,30.24
Central African Republic,Bronze,3001,0.099000,27.72,41.58
Central African Republic,Bronze,3182,0.054000,15.12,24.19
Central African Republic,Bronze,3370,0.156000,43.68,65.52
Central African Republic,Bronze,3168,0.063000,17.64,28.22
Liberia,Bronze,"2750,2579,3370,3309,3042,2260,3271",0.143000,40.04,60.06
Liberia,Bronze,"2266,3182",0.054000,15.12,24.19
Liberia,Bronze,3001,0.099000,27.72,41.58
Liberia,Bronze,3193,0.067000,18.76,30.02
Liberia,Bronze,3160,0.084000,23.52,35.28
Liberia,Bronze,2920,0.063000,17.64,28.22
Liberia,Bronze,3335,0.142000,39.76,59.64
Liberia,Bronze,3371,0.056000,15.68,25.09
Japan,Bronze,"2750,2567,3370,3371,3330,3042",10.316000,2888.48,3466.18
Japan,Bronze,2217,0.089000,24.92,37.38
Japan,Bronze,3001,0.099000,27.72,41.58
Japan,Bronze,3182,0.054000,15.12,24.19
Japan,Bronze,3160,0.519000,145.32,181.65
Japan,Bronze,3421,0.400000,112.00,140.00
Japan,Bronze,3436,2.815000,788.20,945.84
Japan,Bronze,2260,11.691000,3273.48,3928.18
Guinea,Bronze,"2750,2579,3371,3309,3042,2260,3271",0.136000,38.08,57.12
Guinea,Bronze,"2266,3182",0.054000,15.12,24.19
Guinea,Bronze,3001,0.099000,27.72,41.58
Guinea,Bronze,3193,0.067000,18.76,30.02
Guinea,Bronze,2920,0.072000,20.16,30.24
Aruba,Bronze,3001,0.099000,27.72,41.58
Aruba,Bronze,3182,0.054000,15.12,24.19
Aruba,Bronze,"3370,2579,3371,3309,3042,2260,3271",0.136000,38.08,57.12
Aruba,Bronze,2920,0.072000,20.16,30.24
Comoros,Bronze,3001,0.099000,27.72,41.58
Comoros,Bronze,"2579,3370,3371,3309,3042,2260,3271",0.178000,49.84,74.76
Comoros,Bronze,2920,0.072000,20.16,30.24
Malta,Bronze,"3182,2266",0.054000,15.12,24.19
Malta,Bronze,3001,0.099000,27.72,41.58
Malta,Bronze,"2750,3370,3371,3309,2260,3042,3271,2920",0.154000,43.12,64.68
Samoa,Bronze,"3411,3371",0.154000,43.12,64.68
Singapore,Bronze,"2750,2579,3193,2567,3370,3309,3042,2260,3271",1.510000,422.80,507.36
Singapore,Bronze,3001,0.099000,27.72,41.58
Singapore,Bronze,3182,0.054000,15.12,24.19
Singapore,Bronze,3109,0.964000,269.92,323.90
Singapore,Bronze,2840,1.503000,420.84,505.01
Singapore,Bronze,2920,0.063000,17.64,28.22
Singapore,Bronze,3371,0.600000,168.00,210.00
Slovakia,Bronze,"2750,2579,3371,2260,3271,3042",0.271000,75.88,106.23
Slovakia,Bronze,"2266,3182",0.054000,15.12,24.19
Slovakia,Bronze,3001,0.099000,27.72,41.58
Slovakia,Bronze,3193,0.067000,18.76,30.02
Slovakia,Bronze,2920,0.072000,20.16,30.24
Anguilla,Bronze,3001,0.099000,27.72,41.58
Anguilla,Bronze,3182,0.054000,15.12,24.19
Anguilla,Bronze,"3370,2579,3309,3042,2260,3271",0.188000,52.64,73.70
Anguilla,Bronze,3371,0.168000,47.04,70.56
Anguilla,Bronze,2920,0.072000,20.16,30.24
Sao Tome and Principe,Bronze,3001,0.099000,27.72,41.58
Sao Tome and Principe,Bronze,3182,0.054000,15.12,24.19
Sao Tome and Principe,Bronze,"3370,3042,2260,3271",0.108000,30.24,45.36
Sao Tome and Principe,Bronze,2920,0.063000,17.64,28.22
Fiji,Bronze,"2266,3182",0.054000,15.12,24.19
Fiji,Bronze,3001,0.099000,27.72,41.58
Fiji,Bronze,"3370,3371,3309,3042,2260,3271",0.136000,38.08,57.12
Fiji,Bronze,2920,0.063000,17.64,28.22
Palestine,Bronze,3182,0.054000,15.12,24.19
Palestine,Bronze,"2579,3370,3371,3309,3168,3042,2260",0.154000,43.12,64.68
Palestine,Bronze,2920,0.063000,17.64,28.22
Croatia,Bronze,"2750,3330,2579,2263,3370,3371,3309,3042,2260,3271",0.100000,28.00,42.00
Croatia,Bronze,3001,0.099000,27.72,41.58
Croatia,Bronze,2738,0.080000,22.40,33.60
Croatia,Bronze,3182,0.054000,15.12,24.19
Croatia,Bronze,3193,0.067000,18.76,30.02
Croatia,Bronze,3335,0.083000,23.24,34.86
Croatia,Bronze,2920,0.072000,20.16,30.24
Cape Verde,Bronze,"2266,3182",0.054000,15.12,24.19
Cape Verde,Bronze,3001,0.099000,27.72,41.58
Cape Verde,Bronze,"3370,2579,2260,3042",0.108000,30.24,45.36
Cape Verde,Bronze,2920,0.063000,17.64,28.22
Monaco,Bronze,"2750,2579,3309,3042,2260,3271",0.380000,106.40,133.00
Monaco,Bronze,"2266,3182",0.054000,15.12,24.19
Monaco,Bronze,3001,0.099000,27.72,41.58
Monaco,Bronze,3193,0.067000,18.76,30.02
Monaco,Bronze,3371,0.370000,103.60,129.50
Monaco,Bronze,2920,0.072000,20.16,30.24
Macedonia,Bronze,"2750,2579",0.142000,39.76,59.64
Macedonia,Bronze,"2266,3182",0.054000,15.12,24.19
Macedonia,Bronze,3001,0.099000,27.72,41.58
Macedonia,Bronze,3193,0.067000,18.76,30.02
Belize,Bronze,2266,0.054000,15.12,24.19
Belize,Bronze,3001,0.099000,27.72,41.58
Belize,Bronze,"2579,3370,3371,3309,3042,2260,3271",0.166000,46.48,69.72
Belize,Bronze,2920,0.063000,17.64,28.22
New Caledonia,Bronze,3001,0.099000,27.72,41.58
New Caledonia,Bronze,3182,0.054000,15.12,24.19
New Caledonia,Bronze,"2579,3042,2260,3271",0.108000,30.24,45.36
New Caledonia,Bronze,2920,0.072000,20.16,30.24
New Zealand,Bronze,"2750,2579,3370,3042,2260,3271",0.362000,101.36,126.70
New Zealand,Bronze,"2266,3182",0.054000,15.12,24.19
New Zealand,Bronze,3001,0.099000,27.72,41.58
New Zealand,Bronze,3160,0.071000,19.88,31.81
New Zealand,Bronze,3237,0.116000,32.48,48.72
New Zealand,Bronze,3335,0.131000,36.68,55.02
New Zealand,Bronze,2920,0.082000,22.96,34.44
Mongolia,Bronze,"2266,3182",0.054000,15.12,24.19
Mongolia,Bronze,3001,0.099000,27.72,41.58
Mongolia,Bronze,"2579,3370,3371,3309,3271",0.118000,33.04,49.56
Mongolia,Bronze,3193,0.067000,18.76,30.02
Mongolia,Bronze,3160,0.060000,16.80,26.88
Mongolia,Bronze,3168,0.066000,18.48,29.57
Mongolia,Bronze,3335,0.111000,31.08,46.62
Lebanon,Bronze,"2750,3370,3371,3309,3042,2260,3271",0.118000,33.04,49.56
Lebanon,Bronze,"2266,3182",0.054000,15.12,24.19
Lebanon,Bronze,3001,0.099000,27.72,41.58
Lebanon,Bronze,"3168,2920",0.072000,20.16,30.24
Denmark,Bronze,"2750,2579,3042,3271",0.118000,33.04,49.56
Denmark,Gold,2266,0.054000,15.12,24.19
Denmark,Bronze,3001,0.099000,27.72,41.58
Denmark,Bronze,3182,0.054000,15.12,24.19
Denmark,Gold,"2738,3370,3309,2260",0.118000,33.04,49.56
Denmark,Bronze,3193,0.067000,18.76,30.02
Denmark,Bronze,3371,0.087000,24.36,36.54
Denmark,Bronze,2920,0.072000,20.16,30.24
Austria,Bronze,2442,0.138000,38.64,57.96
Austria,Bronze,"2750,2579,2632,3330,3370,3371,3309",0.451000,126.28,157.85
Austria,Bronze,"2266,3182",0.054000,15.12,24.19
Austria,Bronze,3001,0.099000,27.72,41.58
Austria,Bronze,2738,0.242000,67.76,94.86
Austria,Bronze,3193,0.067000,18.76,30.02
Austria,Bronze,"3329,3328",0.334000,93.52,130.93
Austria,Bronze,3160,0.143000,40.04,60.06
Austria,Bronze,3335,0.124000,34.72,52.08
Austria,Bronze,3109,0.227000,63.56,88.98
Austria,Bronze,2263,0.323000,90.44,126.62
Seychelles,Bronze,3001,0.099000,27.72,41.58
Seychelles,Bronze,3182,0.054000,15.12,24.19
Seychelles,Bronze,"3371,3309,3042,2260,3271",0.108000,30.24,45.36
Seychelles,Bronze,2920,0.072000,20.16,30.24
Australia,Bronze,"2750,2579,3160,3370,3309,3330,3042,2260",1.044000,292.32,350.78
Australia,Bronze,3001,0.099000,27.72,41.58
Australia,Bronze,3182,0.054000,15.12,24.19
Australia,Bronze,3193,0.067000,18.76,30.02
Australia,Silver,2442,0.100000,28.00,42.00
Australia,Bronze,3335,0.230000,64.40,90.16
Australia,Bronze,3371,0.246000,68.88,96.43
Montserrat,Bronze,3001,0.099000,27.72,41.58
Montserrat,Bronze,"3371,3309",0.108000,30.24,45.36
Dominica,Bronze,3001,0.099000,27.72,41.58
Dominica,Bronze,3182,0.054000,15.12,24.19
Dominica,Bronze,"3371,3309,2260,3271",0.100000,28.00,42.00
Korea,Bronze,3001,0.099000,27.72,41.58
Korea,Bronze,3182,0.054000,15.12,24.19
Macau,Bronze,2217,0.089000,24.92,37.38
Macau,Bronze,3001,0.099000,27.72,41.58
Macau,Bronze,3371,0.118000,33.04,49.56
Iceland,Bronze,"2266,3182",0.054000,15.12,24.19
Iceland,Bronze,3001,0.099000,27.72,41.58
Iceland,Bronze,"2579,3370,3371,3309,3271",0.230000,64.40,90.16
Eritrea,Bronze,3001,0.099000,27.72,41.58
Eritrea,Bronze,3182,0.054000,15.12,24.19
Eritrea,Bronze,"3370,2579,3309,3042,2260,3271",0.235000,65.80,92.12
Eritrea,Bronze,2920,0.072000,20.16,30.24
Bermuda,Bronze,3182,0.054000,15.12,24.19
Kosovo,Bronze,3182,0.054000,15.12,24.19
Kosovo,Bronze,3168,0.063000,17.64,28.22
Kosovo,Bronze,"3371,3309",0.100000,28.00,42.00
Liechtenstein,Bronze,"2266,3182",0.054000,15.12,24.19
Liechtenstein,Bronze,3001,0.099000,27.72,41.58
Liechtenstein,Bronze,3370,2.353000,658.84,790.61
Sint Maarten,Bronze,3001,0.099000,27.72,41.58
Sint Maarten,Bronze,3182,0.054000,15.12,24.19
United States (virtual),Gold,"2430,2568,2620,2524,2681",0.046000,12.88,20.61
United States (virtual),Bronze,"2750,2442,3406,3330",0.200000,56.00,78.40
United States (virtual),Bronze,"2266,3182",0.054000,15.12,24.19
United States (virtual),Bronze,"3140,3228,3212,2748,2440,2784,2675",0.046000,12.88,20.61
United States (virtual),Silver,3193,0.200000,56.00,78.40
United States (virtual),Gold,"3209,3309",0.067000,18.76,30.02
United States (virtual),Gold,2461,0.200000,56.00,78.40
United States (virtual),Gold,2567,0.080000,22.40,33.60
United States (virtual),Bronze,"3328,3418",0.067000,18.76,30.02
Gibraltar,Bronze,"2750,2567,2579,3370,3371,3309,3042,3271",1.769000,495.32,594.38
Gibraltar,Bronze,3182,0.054000,15.12,24.19
Gibraltar,Bronze,2920,0.072000,20.16,30.24
