Country,Position,Rank,Agent_IDs,Original_USD,Converted_PKR,Final_PKR
South Africa,3|0.042,3,2217,0.042000,11.76,17.64
South Africa,1|0.054,1,2266,0.054000,15.12,22.68
South Africa,3|0.099,3,3001,0.099000,27.72,41.58
South Africa,3|0.134,3,"2579,3330,3370,3168",0.134000,37.52,56.28
South Africa,1|0.046,1,3109,0.046000,12.88,19.32
South Africa,1|0.022,1,3178,0.022000,6.16,9.24
South Africa,3|0.058,3,3335,0.058000,16.24,24.36
South Africa,3|0.034,3,2649,0.034000,9.52,14.28
South Africa,3|0.035,3,3155,0.035000,9.80,14.70
South Africa,3|0.052,3,2812,0.052000,14.56,21.84
South Africa,3|0.068,3,2742,0.068000,19.04,28.56
South Africa,3|0.048,3,3205,0.048000,13.44,20.16
India,3|0.054,3,"2268,2266,3182",0.054000,15.12,22.68
India,3|0.099,3,3001,0.099000,27.72,41.58
India,3|0.134,3,"2579,3330,3406,3370,3428,3309",0.134000,37.52,56.28
India,3|0.067,3,3193,0.067000,18.76,28.14
India,3|0.124,3,3160,0.124000,34.72,52.08
Pakistan,3|0.099,3,3001,0.099000,27.72,41.58
Pakistan,3|0.134,3,"2579,3370,3428",0.134000,37.52,56.28
Pakistan,3|0.054,3,3182,0.054000,15.12,22.68
Pakistan,3|0.067,3,3193,0.067000,18.76,28.14
Pakistan,3|0.059,3,"3160,3371",0.059000,16.52,24.78
Pakistan,3|0.027,3,3178,0.027000,7.56,11.34
Pakistan,3|0.06,3,3168,0.060000,16.80,25.20
Pakistan,3|0.026,3,3335,0.026000,7.28,10.92
Bangladesh,3|0.143,3,"2579,3160,3370,3428",0.143000,40.04,60.06
Bangladesh,3|0.099,3,3001,0.099000,27.72,41.58
Bangladesh,3|0.054,3,3182,0.054000,15.12,22.68
Bangladesh,3|0.102,3,3371,0.102000,28.56,42.84
Zambia,3|0.143,3,"2750,2579,3370,3428",0.143000,40.04,60.06
Zambia,3|0.054,3,"2266,3182",0.054000,15.12,22.68
Zambia,3|0.099,3,3001,0.099000,27.72,41.58
Zambia,3|0.067,3,3193,0.067000,18.76,28.14
Zambia,3|0.04,3,3160,0.040000,11.20,16.80
Zambia,3|0.046,3,3168,0.046000,12.88,19.32
Zambia,3|0.089,3,3335,0.089000,24.92,37.38
Zambia,3|0.084,3,"3371,3418",0.084000,23.52,35.28
Zambia,3|0.094,3,3309,0.094000,26.32,39.48
Namibia,3|0.054,3,"2266,3182",0.054000,15.12,22.68
Namibia,3|0.099,3,3001,0.099000,27.72,41.58
Namibia,3|0.143,3,"2579,3370,3428,3371,3309",0.143000,40.04,60.06
Namibia,3|0.142,3,3335,0.142000,39.76,59.64
Papua new gvineya,3|0.054,3,"2266,3182",0.054000,15.12,22.68
Papua new gvineya,3|0.099,3,3001,0.099000,27.72,41.58
Papua new gvineya,3|0.143,3,3370,0.143000,40.04,60.06
Papua new gvineya,3|0.142,3,3335,0.142000,39.76,59.64
Algeria,3|0.134,3,"2750,3330,3370,2579,3371,3309",0.134000,37.52,56.28
Algeria,3|0.054,3,"2266,3182",0.054000,15.12,22.68
Algeria,3|0.099,3,3001,0.099000,27.72,41.58
Algeria,3|0.067,3,3193,0.067000,18.76,28.14
Algeria,3|0.018,3,3160,0.018000,5.04,7.56
Algeria,3|0.039,3,3178,0.039000,10.92,16.38
Algeria,3|0.132,3,3335,0.132000,36.96,55.44
Ethiopia,3|0.143,3,"2750,2579,3370,3371,3309",0.143000,40.04,60.06
Ethiopia,3|0.054,3,"2266,3182",0.054000,15.12,22.68
Ethiopia,3|0.099,3,3001,0.099000,27.72,41.58
Ethiopia,3|0.067,3,3193,0.067000,18.76,28.14
Ethiopia,3|0.09,3,3168,0.090000,25.20,37.80
Mozambique,3|0.054,3,"2266,3182",0.054000,15.12,22.68
Mozambique,3|0.143,3,"2579,3411,3370,3428,3309",0.143000,40.04,60.06
Angola,3|0.215,3,"2750,2579,2567,3370,3428,3309",0.215000,60.20,84.28
Angola,3|0.054,3,"2266,3182",0.054000,15.12,22.68
Angola,3|0.099,3,3001,0.099000,27.72,41.58
Angola,3|0.067,3,3193,0.067000,18.76,28.14
Angola,3|0.07,3,3160,0.070000,19.60,29.40
Angola,3|0.074,3,3335,0.074000,20.72,31.08
Angola,3|0.154,3,3371,0.154000,43.12,64.68
Ukraine,3|0.267,3,"2263,3371",0.267000,74.76,104.66
Ukraine,3|0.118,3,2750,0.118000,33.04,49.56
Ukraine,3|0.099,3,3001,0.099000,27.72,41.58
Ukraine,3|0.635,3,2738,0.635000,177.80,222.25
Ukraine,3|0.667,3,"2579,3330,2567,3370,3428",0.667000,186.76,233.45
Ukraine,3|0.067,3,3193,0.067000,18.76,28.14
Ukraine,3|0.146,3,3309,0.146000,40.88,61.32
Ukraine,3|0.104,3,3237,0.104000,29.12,43.68
Ukraine,3|0.11,3,"3328,3418",0.110000,30.80,46.20
Ukraine,3|0.082,3,3178,0.082000,22.96,34.44
Ukraine,3|0.243,3,3340,0.243000,68.04,95.26
Ukraine,3|0.09,3,3168,0.090000,25.20,37.80
Ukraine,3|0.2,3,3177,0.200000,56.00,78.40
Egypt,3|0.143,3,"2750,2579,3330,3160,3370,3428",0.143000,40.04,60.06
Egypt,3|0.054,3,"2266,3182",0.054000,15.12,22.68
Egypt,3|0.099,3,3001,0.099000,27.72,41.58
Egypt,3|0.067,3,"3193,3340",0.067000,18.76,28.14
Egypt,3|0.038,3,3309,0.038000,10.64,15.96
Egypt,3|0.015,3,3168,0.015000,4.20,6.30
Brazil,3|0.068,3,"2750,2739",0.068000,19.04,28.56
Brazil,3|0.054,3,"2266,3182,3335",0.054000,15.12,22.68
Brazil,3|0.063,3,"3089,3018,2404,3405,3246,2906,3412",0.063000,17.64,26.46
Brazil,3|0.099,3,3001,0.099000,27.72,41.58
Brazil,2|0.039,2,3160,0.039000,10.92,16.38
Brazil,1|0.134,1,2579,0.134000,37.52,56.28
Brazil,3|0.134,3,"2263,3370,3428,3264,3309,3330,3416",0.134000,37.52,56.28
Brazil,3|0.07,3,2738,0.070000,19.60,29.40
Brazil,3|0.067,3,3193,0.067000,18.76,28.14
Brazil,3|0.04,3,3237,0.040000,11.20,16.80
Brazil,3|0.059,3,3215,0.059000,16.52,24.78
Brazil,2|0.063,2,"2951,2920,3229,3398",0.063000,17.64,26.46
Brazil,2|0.062,2,3365,0.062000,17.36,26.04
Brazil,2|0.134,2,2260,0.134000,37.52,56.28
Brazil,1|0.063,1,3406,0.063000,17.64,26.46
Brazil,3|0.064,3,3252,0.064000,17.92,26.88
Brazil,3|0.03,3,3415,0.030000,8.40,12.60
Brazil,3|0.056,3,3367,0.056000,15.68,23.52
Brazil,3|0.102,3,3371,0.102000,28.56,42.84
Brazil,3|0.038,3,3287,0.038000,10.64,15.96
Haiti,3|0.1,3,"2750,3370,2579,3330,3371,3309",0.100000,28.00,42.00
Haiti,2|0.054,2,2266,0.054000,15.12,22.68
Haiti,3|0.099,3,3001,0.099000,27.72,41.58
Haiti,3|0.054,3,3182,0.054000,15.12,22.68
Haiti,3|0.067,3,3193,0.067000,18.76,28.14
Iran,2|0.054,2,2266,0.054000,15.12,22.68
Iran,3|0.099,3,3001,0.099000,27.72,41.58
Iran,3|0.143,3,"2579,3193,3330,3370,3371,3309,3168",0.143000,40.04,60.06
Peru ,3|0.127,3,"2457,2750,2579,3211,3160,3370,3411,3428,3309",0.127000,35.56,53.34
Peru ,3|0.054,3,"2266,3182",0.054000,15.12,22.68
Peru ,3|0.099,3,3001,0.099000,27.72,41.58
Peru ,3|0.067,3,3193,0.067000,18.76,28.14
Peru ,3|0.078,3,3371,0.078000,21.84,32.76
Peru ,3|0.063,3,3168,0.063000,17.64,26.46
Viet nam,3|0.1,3,2750,0.100000,28.00,42.00
Viet nam,3|0.502,3,"2579,2567,3428",0.502000,140.56,175.70
Viet nam,3|0.054,3,"2318,2266,3182",0.054000,15.12,22.68
Viet nam,3|0.039,3,2217,0.039000,10.92,16.38
Viet nam,3|0.067,3,"3082,3193,3421",0.067000,18.76,28.14
Viet nam,3|0.099,3,3001,0.099000,27.72,41.58
Viet nam,3|0.072,3,3160,0.072000,20.16,30.24
Zimbabwe,3|0.099,3,3001,0.099000,27.72,41.58
Zimbabwe,3|0.143,3,"2579,3160,3370,3428",0.143000,40.04,60.06
Zimbabwe,3|0.054,3,3182,0.054000,15.12,22.68
Zimbabwe,3|0.06,3,3178,0.060000,16.80,25.20
Nepal,3|0.054,3,"2266,3182",0.054000,15.12,22.68
Nepal,3|0.099,3,3001,0.099000,27.72,41.58
Nepal,3|0.203,3,"2579,3411,3370,3428,3371,3309",0.203000,56.84,79.58
Nepal,3|0.067,3,3193,0.067000,18.76,28.14
Nepal,3|0.148,3,3335,0.148000,41.44,62.16
Uzbekistan,3|0.099,3,3001,0.099000,27.72,41.58
Uzbekistan,3|0.054,3,3182,0.054000,15.12,22.68
Uzbekistan,3|0.067,3,3193,0.067000,18.76,28.14
Uzbekistan,3|0.087,3,3160,0.087000,24.36,36.54
Uzbekistan,3|0.143,3,"2579,3330,3371,3370,3309",0.143000,40.04,60.06
Uzbekistan,3|0.06,3,"3178,3168",0.060000,16.80,25.20
Uzbekistan,3|0.142,3,3335,0.142000,39.76,59.64
Nigeria,3|0.095,3,"2750,2579,3160,3330,3370,3309",0.095000,26.60,39.90
Nigeria,3|0.07,3,2217,0.070000,19.60,29.40
Nigeria,3|0.054,3,"2266,3182",0.054000,15.12,22.68
Nigeria,3|0.067,3,3193,0.067000,18.76,28.14
Nigeria,3|0.046,3,3168,0.046000,12.88,19.32
Nigeria,3|0.089,3,3335,0.089000,24.92,37.38
Swaziland,3|0.054,3,"2266,3182",0.054000,15.12,22.68
Swaziland,3|0.099,3,3001,0.099000,27.72,41.58
Swaziland,3|0.143,3,"3370,3309",0.143000,40.04,60.06
Swaziland,3|0.142,3,3335,0.142000,39.76,59.64
Congo (Dem. Republic),3|0.143,3,"2750,3160,3330,3370,3428",0.143000,40.04,60.06
Congo (Dem. Republic),2|0.054,2,2266,0.054000,15.12,22.68
Congo (Dem. Republic),3|0.099,3,3001,0.099000,27.72,41.58
France,3|0.188,3,2750,0.188000,52.64,73.70
France,2|0.14,2,2738,0.140000,39.20,58.80
France,3|5.883,3,"2579,3370,3428,3309,3330",5.883000,1647.24,2059.05
France,1|0.054,1,2266,0.054000,15.12,22.68
France,3|0.099,3,3001,0.099000,27.72,41.58
France,3|0.054,3,3182,0.054000,15.12,22.68
France,3|0.067,3,3193,0.067000,18.76,28.14
France,3|0.27,3,2442,0.270000,75.60,105.84
France,3|0.135,3,3109,0.135000,37.80,56.70
France,2|0.267,2,3160,0.267000,74.76,104.66
France,2|0.148,2,3237,0.148000,41.44,62.16
France,2|0.144,2,3329,0.144000,40.32,60.48
France,3|0.266,3,3414,0.266000,74.48,104.27
France,2|0.227,2,3418,0.227000,63.56,88.98
France,3|0.116,3,3168,0.116000,32.48,48.72
France,3|1.344,3,3394,1.344000,376.32,470.40
France,3|2.03,3,3371,2.030000,568.40,710.50
Botswana,3|0.054,3,"2266,3182",0.054000,15.12,22.68
Botswana,3|0.099,3,3001,0.099000,27.72,41.58
Botswana,3|0.143,3,"2579,3160,3370,3428",0.143000,40.04,60.06
Botswana,3|0.118,3,3371,0.118000,33.04,49.56
Botswana,3|0.063,3,3309,0.063000,17.64,26.46
Mexico,3|0.143,3,"2750,2579,3330,3370,3428,3309",0.143000,40.04,60.06
Mexico,3|0.099,3,3001,0.099000,27.72,41.58
Mexico,3|0.054,3,3182,0.054000,15.12,22.68
Mexico,3|0.067,3,3193,0.067000,18.76,28.14
Mexico,3|0.094,3,3160,0.094000,26.32,39.48
Mexico,3|0.106,3,"3414,3371",0.106000,29.68,44.52
Tanzania,3|0.136,3,"2750,2579,3160,3330,3370,3428,3309",0.136000,38.08,57.12
Tanzania,3|0.054,3,"2266,3182",0.054000,15.12,22.68
Tanzania,3|0.099,3,3001,0.099000,27.72,41.58
Tanzania,3|0.067,3,3193,0.067000,18.76,28.14
Tanzania,3|0.004,3,3178,0.004000,1.12,1.68
Tanzania,2|0.066,2,3168,0.066000,18.48,27.72
Sri Lanka,3|0.054,3,"2266,3182,3160",0.054000,15.12,22.68
Sri Lanka,3|0.099,3,3001,0.099000,27.72,41.58
Sri Lanka,3|0.143,3,"2579,3411,3370,3428",0.143000,40.04,60.06
Sri Lanka,3|0.067,3,3193,0.067000,18.76,28.14
Sri Lanka,2|0.048,2,3168,0.048000,13.44,20.16
Honduras,3|0.1,3,"2750,3160,3370,2579,3371,3309",0.100000,28.00,42.00
Honduras,3|0.054,3,"2266,3182",0.054000,15.12,22.68
Honduras,3|0.099,3,3001,0.099000,27.72,41.58
Honduras,3|0.067,3,3193,0.067000,18.76,28.14
Argentinas,3|0.127,3,2286,0.127000,35.56,53.34
Argentinas,3|0.181,3,"2750,2579,3160,3303,3428",0.181000,50.68,70.95
Argentinas,3|0.054,3,"2266,3182",0.054000,15.12,22.68
Argentinas,3|0.099,3,3001,0.099000,27.72,41.58
Argentinas,3|0.058,3,2263,0.058000,16.24,24.36
Argentinas,3|0.076,3,2738,0.076000,21.28,31.92
Argentinas,3|0.067,3,3193,0.067000,18.76,28.14
Argentinas,2|0.12,2,3237,0.120000,33.60,50.40
Argentinas,3|0.052,3,2739,0.052000,14.56,21.84
Argentinas,3|0.035,3,"3056,2556,3232",0.035000,9.80,14.70
Argentinas,3|0.074,3,3335,0.074000,20.72,31.08
Argentinas,3|0.039,3,3233,0.039000,10.92,16.38
Myanmar,3|0.07,3,2217,0.070000,19.60,29.40
Myanmar,3|0.054,3,2266,0.054000,15.12,22.68
Myanmar,3|0.099,3,3001,0.099000,27.72,41.58
Myanmar,3|0.034,3,3160,0.034000,9.52,14.28
Myanmar,3|0.067,3,3193,0.067000,18.76,28.14
Myanmar,3|0.1,3,"2579,3330,3411,3370,3428,3309",0.100000,28.00,42.00
Myanmar,3|0.04,3,3178,0.040000,11.20,16.80
Myanmar,3|0.074,3,3335,0.074000,20.72,31.08
Myanmar,3|0.087,3,3371,0.087000,24.36,36.54
Tunisia,3|0.143,3,"2750,2579,3160,3370,3371,3309",0.143000,40.04,60.06
Tunisia,3|0.054,3,"2266,3182",0.054000,15.12,22.68
Tunisia,3|0.099,3,3001,0.099000,27.72,41.58
Tunisia,3|0.06,3,3178,0.060000,16.80,25.20
Tunisia,3|0.142,3,3335,0.142000,39.76,59.64
Timor-Leste,3|0.054,3,"2266,3182",0.054000,15.12,22.68
Timor-Leste,3|0.099,3,3001,0.099000,27.72,41.58
Timor-Leste,3|0.102,3,"3160,3370,3428",0.102000,28.56,42.84
Lesotho,3|0.054,3,"2266,3182",0.054000,15.12,22.68
Lesotho,3|0.099,3,3001,0.099000,27.72,41.58
Lesotho,3|0.108,3,"3370,2579,3371,3309",0.108000,30.24,45.36
Ecuador,3|0.178,3,"2750,2579,3160,3370,3371,3309",0.178000,49.84,74.76
Ecuador,3|0.054,3,"2266,3182",0.054000,15.12,22.68
Ecuador,3|0.099,3,3001,0.099000,27.72,41.58
Ecuador,3|0.067,3,3193,0.067000,18.76,28.14
Ecuador,3|0.06,3,3168,0.060000,16.80,25.20
El Salvador,3|0.178,3,"2750,2579,3193,3370",0.178000,49.84,74.76
El Salvador,3|0.054,3,"2266,3182",0.054000,15.12,22.68
El Salvador,3|0.099,3,3001,0.099000,27.72,41.58
Morocco,3|0.136,3,"2750,2579,3330,2567,3370,2840,3428",0.136000,38.08,57.12
Morocco,3|0.118,3,2217,0.118000,33.04,49.56
Morocco,3|0.054,3,2266,0.054000,15.12,22.68
Morocco,3|0.099,3,3001,0.099000,27.72,41.58
Morocco,3|0.067,3,3193,0.067000,18.76,28.14
Morocco,3|0.114,3,2738,0.114000,31.92,47.88
Morocco,3|0.062,3,"3160,3340",0.062000,17.36,26.04
Morocco,3|0.086,3,2263,0.086000,24.08,36.12
Morocco,3|0.05,3,3309,0.050000,14.00,21.00
Morocco,1|0.114,1,3371,0.114000,31.92,47.88
Uganda,3|0.166,3,"2750,2579,3370,3309",0.166000,46.48,69.72
Uganda,3|0.054,3,2266,0.054000,15.12,22.68
Uganda,3|0.099,3,3001,0.099000,27.72,41.58
Uganda,3|0.067,3,3193,0.067000,18.76,28.14
Malawi,3|0.143,3,"2750,2579,3370,3428,3309",0.143000,40.04,60.06
Malawi,3|0.054,3,"2266,3182",0.054000,15.12,22.68
Malawi,3|0.099,3,3001,0.099000,27.72,41.58
Malawi,3|0.067,3,3193,0.067000,18.76,28.14
Malawi,3|0.043,3,3371,0.043000,12.04,18.06
Ghana,3|0.14,3,"2750,2579,3160,3330,3370,3309",0.140000,39.20,58.80
Ghana,3|0.07,3,2217,0.070000,19.60,29.40
Ghana,2|0.054,2,2266,0.054000,15.12,22.68
Ghana,3|0.099,3,3001,0.099000,27.72,41.58
Ghana,3|0.054,3,3182,0.054000,15.12,22.68
Ghana,3|0.067,3,3193,0.067000,18.76,28.14
Kenya,3|0.068,3,2750,0.068000,19.04,28.56
Kenya,3|0.054,3,"2266,3182",0.054000,15.12,22.68
Kenya,3|0.099,3,3001,0.099000,27.72,41.58
Kenya,3|0.1,3,"2579,3330,3370,3168,3428,3309",0.100000,28.00,42.00
Kenya,3|0.067,3,3193,0.067000,18.76,28.14
Kenya,3|0.08,3,3160,0.080000,22.40,33.60
Kenya,2|0.031,2,3237,0.031000,8.68,13.02
Kenya,3|0.089,3,3340,0.089000,24.92,37.38
Kenya,3|0.063,3,3335,0.063000,17.64,26.46
Panama,3|0.136,3,"2750,2579,3370,3371,3309",0.136000,38.08,57.12
Panama,3|0.054,3,"2266,3182",0.054000,15.12,22.68
Panama,3|0.099,3,3001,0.099000,27.72,41.58
Panama,3|0.067,3,3193,0.067000,18.76,28.14
Jamaica,3|0.054,3,"2266,3182",0.054000,15.12,22.68
Jamaica,3|0.099,3,3001,0.099000,27.72,41.58
Jamaica,3|0.178,3,"2579,3370,3371,3309",0.178000,49.84,74.76
Venezuela,3|0.1,3,"2750,3370,2579,3371,3309",0.100000,28.00,42.00
Venezuela,3|0.054,3,"2266,3182",0.054000,15.12,22.68
Venezuela,3|0.099,3,"3001,3335",0.099000,27.72,41.58
Venezuela,3|0.067,3,3193,0.067000,18.76,28.14
Kazakhstan,3|0.143,3,"2750,2579,2738,3330,3370,2263,3428,3309",0.143000,40.04,60.06
Kazakhstan,3|0.054,3,"2266,3182",0.054000,15.12,22.68
Kazakhstan,3|0.099,3,3001,0.099000,27.72,41.58
Kazakhstan,3|0.067,3,3193,0.067000,18.76,28.14
Kazakhstan,3|0.058,3,"3328,3168",0.058000,16.24,24.36
Kazakhstan,3|0.042,3,3335,0.042000,11.76,17.64
Kazakhstan,3|0.128,3,"3371,3421",0.128000,35.84,53.76
Colombia,3|0.24,3,"2286,2579,3330,2567,3406,3370,3428,3309",0.240000,67.20,94.08
Colombia,3|0.21,3,2750,0.210000,58.80,82.32
Colombia,1|0.05,1,2335,0.050000,14.00,21.00
Colombia,3|0.138,3,2217,0.138000,38.64,57.96
Colombia,3|0.054,3,"2266,3182",0.054000,15.12,22.68
Colombia,3|0.099,3,3001,0.099000,27.72,41.58
Colombia,3|0.051,3,3160,0.051000,14.28,21.42
Colombia,3|0.086,3,3109,0.086000,24.08,36.12
Colombia,3|0.067,3,"3193,3340",0.067000,18.76,28.14
Colombia,1|0.018,1,"3243,3253",0.018000,5.04,7.56
Colombia,1|0.022,1,3237,0.022000,6.16,9.24
Colombia,2|0.24,2,2260,0.240000,67.20,94.08
Colombia,3|0.075,3,3335,0.075000,21.00,31.50
Colombia,3|0.226,3,3371,0.226000,63.28,88.59
Colombia,2|0.05,2,3288,0.050000,14.00,21.00
Colombia,3|0.052,3,2236,0.052000,14.56,21.84
Paraguay,3|0.127,3,"2750,3370,2579,3371",0.127000,35.56,53.34
Paraguay,3|0.054,3,"2266,3182,3160",0.054000,15.12,22.68
Paraguay,3|0.099,3,3001,0.099000,27.72,41.58
Paraguay,3|0.067,3,3193,0.067000,18.76,28.14
Paraguay,3|0.126,3,"3335,3418",0.126000,35.28,52.92
Paraguay,3|0.08,3,3309,0.080000,22.40,33.60
Turkey,3|0.1,3,"2750,2579,3406,3370,3160,3309",0.100000,28.00,42.00
Turkey,2|0.054,2,2266,0.054000,15.12,22.68
Turkey,3|0.099,3,3001,0.099000,27.72,41.58
Turkey,3|0.054,3,3182,0.054000,15.12,22.68
Turkey,1|0.067,1,3193,0.067000,18.76,28.14
Turkey,3|0.094,3,3329,0.094000,26.32,39.48
Turkey,3|0.068,3,3371,0.068000,19.04,28.56
Kyrgyzstan,3|0.143,3,"2750,2579,3330,3370,3428,3309",0.143000,40.04,60.06
Kyrgyzstan,3|0.099,3,3001,0.099000,27.72,41.58
Kyrgyzstan,3|0.054,3,3182,0.054000,15.12,22.68
Kyrgyzstan,3|0.067,3,3193,0.067000,18.76,28.14
Kyrgyzstan,3|0.035,3,3371,0.035000,9.80,14.70
Jordan,3|0.054,3,"2266,3182",0.054000,15.12,22.68
Jordan,3|0.099,3,3001,0.099000,27.72,41.58
Jordan,3|0.178,3,"2579,3370,3428,3371,3309,3168",0.178000,49.84,74.76
Jordan,3|0.067,3,3193,0.067000,18.76,28.14
Cameroon,3|0.22,3,"2750,2579,2739,2738,3330,2567,3370,3428",0.220000,61.60,86.24
Cameroon,3|0.054,3,"2266,3182",0.054000,15.12,22.68
Cameroon,3|0.099,3,3001,0.099000,27.72,41.58
Cameroon,3|0.143,3,3109,0.143000,40.04,60.06
Cameroon,3|0.058,3,3160,0.058000,16.24,24.36
Cameroon,3|0.067,3,3193,0.067000,18.76,28.14
Cameroon,3|0.055,3,2263,0.055000,15.40,23.10
Cameroon,3|0.219,3,2840,0.219000,61.32,85.85
Cameroon,1|0.01,1,3237,0.010000,2.80,4.20
Cameroon,3|0.036,3,"3168,2709",0.036000,10.08,15.12
Cameroon,3|0.059,3,3335,0.059000,16.52,24.78
Israel,3|1.25,3,"2579,3330,2567,3370,3428",1.250000,350.00,437.50
Israel,3|0.099,3,3001,0.099000,27.72,41.58
Israel,3|0.054,3,3182,0.054000,15.12,22.68
Israel,3|0.067,3,3193,0.067000,18.76,28.14
Israel,3|0.472,3,2738,0.472000,132.16,165.20
Israel,3|1.189,3,2263,1.189000,332.92,416.15
Israel,3|0.072,3,3168,0.072000,20.16,30.24
Israel,3|0.079,3,3335,0.079000,22.12,33.18
Israel,3|0.064,3,3237,0.064000,17.92,26.88
Cote d`Ivoire Ivory Coast,3|0.199,3,"2750,3193,3330,2567,3370,3428,32",0.199000,55.72,78.01
Cote d`Ivoire Ivory Coast,3|0.054,3,"2266,3182",0.054000,15.12,22.68
Cote d`Ivoire Ivory Coast,3|0.099,3,3001,0.099000,27.72,41.58
Cote d`Ivoire Ivory Coast,3|0.055,3,3178,0.055000,15.40,23.10
Cote d`Ivoire Ivory Coast,3|0.198,3,2840,0.198000,55.44,77.62
Cote d`Ivoire Ivory Coast,1|0.066,1,3109,0.066000,18.48,27.72
Cote d`Ivoire Ivory Coast,3|0.05,3,3168,0.050000,14.00,21.00
Belarus,3|0.191,3,"2750,3330,3370,2579,3371,3309",0.191000,53.48,74.87
Belarus,3|0.054,3,"2266,3182",0.054000,15.12,22.68
Belarus,3|0.099,3,3001,0.099000,27.72,41.58
Belarus,3|0.16,3,3328,0.160000,44.80,67.20
Belarus,3|0.004,3,3178,0.004000,1.12,1.68
Belarus,3|0.082,3,3168,0.082000,22.96,34.44
Bulgaria,3|0.151,3,"2750,2579,3370,3428,3371,3309",0.151000,42.28,63.42
Bulgaria,3|0.054,3,"2266,3182",0.054000,15.12,22.68
Bulgaria,3|0.067,3,"3193,3335",0.067000,18.76,28.14
Bulgaria,3|0.059,3,3237,0.059000,16.52,24.78
Libya,3|0.054,3,2266,0.054000,15.12,22.68
Libya,3|0.099,3,3001,0.099000,27.72,41.58
Libya,3|0.204,3,3428,0.204000,57.12,79.97
Mauritius,3|0.054,3,2266,0.054000,15.12,22.68
Mauritius,3|0.099,3,3001,0.099000,27.72,41.58
Mauritius,3|0.136,3,"2579,3370,3371,3309",0.136000,38.08,57.12
Turkmenistan,3|0.099,3,3001,0.099000,27.72,41.58
Turkmenistan,3|0.054,3,3182,0.054000,15.12,22.68
Turkmenistan,3|0.108,3,"3370,2579,3371,3309",0.108000,30.24,45.36
Azerbaijan,3|0.054,3,"2266,3182",0.054000,15.12,22.68
Azerbaijan,3|0.099,3,3001,0.099000,27.72,41.58
Azerbaijan,3|0.384,3,"2579,3330,3370,3428,3309",0.384000,107.52,134.40
Azerbaijan,3|0.04,3,3160,0.040000,11.20,16.80
Azerbaijan,3|0.067,3,3193,0.067000,18.76,28.14
Azerbaijan,3|0.035,3,3371,0.035000,9.80,14.70
Mali,3|0.203,3,"2750,2579,3370,3371,3309,3330",0.203000,56.84,79.58
Mali,3|0.039,3,2217,0.039000,10.92,16.38
Mali,3|0.054,3,"2266,3182",0.054000,15.12,22.68
Mali,3|0.099,3,3001,0.099000,27.72,41.58
Mali,3|0.067,3,3193,0.067000,18.76,28.14
Mali,3|0.08,3,3168,0.080000,22.40,33.60
Rwanda,3|0.054,3,3182,0.054000,15.12,22.68
Rwanda,3|0.166,3,"2579,3370,3428,3371,3309",0.166000,46.48,69.72
Gabon,3|0.136,3,"2750,3160,2579,3370,3309",0.136000,38.08,57.12
Gabon,3|0.099,3,3001,0.099000,27.72,41.58
Gabon,3|0.054,3,3182,0.054000,15.12,22.68
Gabon,3|0.067,3,3193,0.067000,18.76,28.14
Gabon,3|0.094,3,3371,0.094000,26.32,39.48
Sudan,3|0.192,3,"2750,3193,3370,3371,3309",0.192000,53.76,75.26
Sudan,3|0.099,3,3001,0.099000,27.72,41.58
Sudan,3|0.06,3,3168,0.060000,16.80,25.20
Spain,3|0.135,3,2263,0.135000,37.80,56.70
Spain,3|0.251,3,"2750,2579,3330,3370,3309",0.251000,70.28,98.39
Spain,3|0.099,3,3001,0.099000,27.72,41.58
Spain,3|0.206,3,2738,0.206000,57.68,80.75
Spain,3|0.054,3,3182,0.054000,15.12,22.68
Spain,3|0.067,3,3193,0.067000,18.76,28.14
Spain,3|0.134,3,2739,0.134000,37.52,56.28
Spain,3|0.104,3,3160,0.104000,29.12,43.68
Spain,3|0.112,3,"3329,3371",0.112000,31.36,47.04
Spain,1|0.23,1,3296,0.230000,64.40,90.16
Nicaragua,3|0.118,3,"2750,3370,2579,3371,3309",0.118000,33.04,49.56
Nicaragua,3|0.054,3,"2266,3182",0.054000,15.12,22.68
Nicaragua,3|0.099,3,3001,0.099000,27.72,41.58
Nicaragua,3|0.067,3,3193,0.067000,18.76,28.14
"Moldova, Republic of",3|0.1,3,"2750,2579,2738,3370",0.100000,28.00,42.00
"Moldova, Republic of",3|0.054,3,2266,0.054000,15.12,22.68
"Moldova, Republic of",3|0.099,3,3001,0.099000,27.72,41.58
"Moldova, Republic of",3|0.067,3,3193,0.067000,18.76,28.14
"Moldova, Republic of",3|0.074,3,"3335,3418",0.074000,20.72,31.08
"Moldova, Republic of",3|0.038,3,3239,0.038000,10.64,15.96
United States,1|0.662,1,2617,0.662000,185.36,231.70
United States,1|0.278,1,3170,0.278000,77.84,108.98
United States,3|0.224,3,3193,0.224000,62.72,87.81
United States,1|0.25,1,"2268,2266",0.250000,70.00,98.00
United States,3|0.25,3,2495,0.250000,70.00,98.00
United States,3|0.667,3,"3370,3330",0.667000,186.76,233.45
Saudi Arabia,3|0.054,3,"2266,3182",0.054000,15.12,22.68
Saudi Arabia,3|0.099,3,3001,0.099000,27.72,41.58
Saudi Arabia,2|0.067,2,3193,0.067000,18.76,28.14
Saudi Arabia,3|0.14,3,"3160,3330,3370,2579",0.140000,39.20,58.80
Thailand,3|0.185,3,2750,0.185000,51.80,72.52
Thailand,3|0.07,3,2217,0.070000,19.60,29.40
Thailand,2|0.054,2,2266,0.054000,15.12,22.68
Thailand,3|0.099,3,3001,0.099000,27.72,41.58
Thailand,3|0.054,3,3182,0.054000,15.12,22.68
Thailand,3|1.134,3,"2579,3160,3330,2567,3370,3428,3309",1.134000,317.52,396.90
Thailand,3|0.067,3,3193,0.067000,18.76,28.14
Thailand,3|0.151,3,3340,0.151000,42.28,63.42
Thailand,3|0.127,3,3237,0.127000,35.56,53.34
Thailand,3|0.245,3,3109,0.245000,68.60,96.04
Thailand,3|0.08,3,3335,0.080000,22.40,33.60
Benin,3|0.178,3,"2750,2579,3370,3371,3309",0.178000,49.84,74.76
Benin,3|0.054,3,"2266,3182",0.054000,15.12,22.68
Benin,3|0.099,3,3001,0.099000,27.72,41.58
Benin,3|0.067,3,3193,0.067000,18.76,28.14
Costa Rica,3|0.054,3,"2266,3182",0.054000,15.12,22.68
Costa Rica,3|0.099,3,3001,0.099000,27.72,41.58
Costa Rica,3|0.127,3,"3370,2579",0.127000,35.56,53.34
Burkina Faso,3|0.118,3,"2750,3193,3370,2579",0.118000,33.04,49.56
Burkina Faso,3|0.07,3,2217,0.070000,19.60,29.40
Burkina Faso,3|0.054,3,"2266,3182",0.054000,15.12,22.68
Burkina Faso,3|0.099,3,3001,0.099000,27.72,41.58
Qatar,3|0.054,3,"2266,3182",0.054000,15.12,22.68
Qatar,3|0.099,3,3001,0.099000,27.72,41.58
Qatar,3|0.178,3,"2579,3370,3371",0.178000,49.84,74.76
Belgium,3|0.244,3,"2750,2579,3160,3370,3371,3330",0.244000,68.32,95.65
Belgium,3|0.054,3,"2266,3182",0.054000,15.12,22.68
Belgium,3|0.099,3,3001,0.099000,27.72,41.58
Belgium,3|0.067,3,3193,0.067000,18.76,28.14
United Kingdom,2|0.045,2,2263,0.045000,12.60,18.90
United Kingdom,3|0.045,3,2738,0.045000,12.60,18.90
United Kingdom,1|0.066,1,2442,0.066000,18.48,27.72
United Kingdom,3|0.24,3,"2579,3330,2567,3406,3370,3428",0.240000,67.20,94.08
United Kingdom,3|0.118,3,2217,0.118000,33.04,49.56
United Kingdom,3|0.099,3,3001,0.099000,27.72,41.58
United Kingdom,3|0.08,3,2739,0.080000,22.40,33.60
United Kingdom,3|0.054,3,3182,0.054000,15.12,22.68
United Kingdom,3|0.066,3,3109,0.066000,18.48,27.72
United Kingdom,3|0.067,3,"3193,3371",0.067000,18.76,28.14
United Kingdom,3|0.094,3,3160,0.094000,26.32,39.48
United Kingdom,3|0.167,3,2750,0.167000,46.76,70.14
United Kingdom,3|0.04,3,"3309,3329,3328",0.040000,11.20,16.80
United Kingdom,2|0.046,2,3237,0.046000,12.88,19.32
United Kingdom,1|0.05,1,3368,0.050000,14.00,21.00
United Kingdom,3|0.107,3,3248,0.107000,29.96,44.94
Reunion,3|0.099,3,3001,0.099000,27.72,41.58
Reunion,3|0.054,3,3182,0.054000,15.12,22.68
Reunion,3|0.136,3,"2579,3370,3428,3371,3309",0.136000,38.08,57.12
Oman,3|0.099,3,3001,0.099000,27.72,41.58
Oman,3|0.054,3,3182,0.054000,15.12,22.68
Oman,3|0.178,3,"2579,3370,3428,3371",0.178000,49.84,74.76
Congo,3|0.054,3,2266,0.054000,15.12,22.68
Congo,3|0.099,3,3001,0.099000,27.72,41.58
Congo,3|0.118,3,"3370,3371,3309",0.118000,33.04,49.56
Yemen,3|0.054,3,"2266,3182",0.054000,15.12,22.68
Yemen,3|0.099,3,3001,0.099000,27.72,41.58
Yemen,3|0.191,3,"2579,3330,3370,3428,3309",0.191000,53.48,74.87
Yemen,1|0.015,1,2377,0.015000,4.20,6.30
Yemen,3|0.067,3,3193,0.067000,18.76,28.14
Uruguay,3|0.054,3,"2266,3182",0.054000,15.12,22.68
Uruguay,3|0.099,3,3001,0.099000,27.72,41.58
Uruguay,3|0.188,3,"2579,3370,3428,3309",0.188000,52.64,73.70
Uruguay,3|0.168,3,3371,0.168000,47.04,70.56
Iraq,3|0.198,3,2217,0.198000,55.44,77.62
Iraq,3|0.054,3,2266,0.054000,15.12,22.68
Iraq,3|0.099,3,3001,0.099000,27.72,41.58
Iraq,3|0.203,3,"2579,3330,3370,3371,3309",0.203000,56.84,79.58
Iraq,3|0.067,3,3193,0.067000,18.76,28.14
Iraq,3|0.055,3,3178,0.055000,15.40,23.10
Iraq,3|0.011,3,3168,0.011000,3.08,4.62
Senegal,3|0.127,3,"2750,3370,2579,3371,3309",0.127000,35.56,53.34
Senegal,3|0.054,3,2266,0.054000,15.12,22.68
Senegal,3|0.099,3,3001,0.099000,27.72,41.58
Senegal,3|0.067,3,3193,0.067000,18.76,28.14
Germany,3|0.406,3,2263,0.406000,113.68,142.10
Germany,3|0.411,3,2738,0.411000,115.08,143.85
Germany,3|0.752,3,"2750,2579,3160,3330,3370,3428",0.752000,210.56,263.20
Germany,3|0.099,3,"3001,3329,3335",0.099000,27.72,41.58
Germany,3|0.14,3,2739,0.140000,39.20,58.80
Germany,3|0.054,3,3182,0.054000,15.12,22.68
Germany,3|0.067,3,3193,0.067000,18.76,28.14
Germany,1|0.064,1,3237,0.064000,17.92,26.88
Germany,3|0.48,3,2567,0.480000,134.40,168.00
Germany,3|0.327,3,3394,0.327000,91.56,128.18
Germany,3|0.534,3,3087,0.534000,149.52,186.90
Germany,3|0.186,3,"3418,3094",0.186000,52.08,72.91
Germany,3|0.475,3,3371,0.475000,133.00,166.25
Germany,3|0.235,3,3309,0.235000,65.80,92.12
Lao People`s,3|0.095,3,2217,0.095000,26.60,39.90
Lao People`s,3|0.054,3,"2266,3182",0.054000,15.12,22.68
Lao People`s,3|0.099,3,3001,0.099000,27.72,41.58
Lao People`s,3|0.134,3,"2579,3330,2567,3411,3428",0.134000,37.52,56.28
Lao People`s,3|0.067,3,3193,0.067000,18.76,28.14
Lao People`s,1|0.084,1,3109,0.084000,23.52,35.28
Lao People`s,3|0.072,3,3160,0.072000,20.16,30.24
Lao People`s,2|0.134,2,3370,0.134000,37.52,56.28
Lao People`s,3|0.09,3,3421,0.090000,25.20,37.80
Lao People`s,3|0.084,3,3418,0.084000,23.52,35.28
Poland,3|0.135,3,2263,0.135000,37.80,56.70
Poland,3|0.046,3,2295,0.046000,12.88,19.32
Poland,3|0.488,3,2738,0.488000,136.64,170.80
Poland,3|0.752,3,"2579,3330,3370,3428",0.752000,210.56,263.20
Poland,3|0.118,3,2217,0.118000,33.04,49.56
Poland,3|0.054,3,"2266,3182",0.054000,15.12,22.68
Poland,3|0.099,3,3001,0.099000,27.72,41.58
Poland,2|0.059,2,2739,0.059000,16.52,24.78
Poland,3|0.067,3,3193,0.067000,18.76,28.14
Poland,3|0.09,3,"3160,3335",0.090000,25.20,37.80
Poland,3|0.059,3,"3309,3418",0.059000,16.52,24.78
Poland,3|0.032,3,3237,0.032000,8.96,13.44
Poland,2|0.099,2,2442,0.099000,27.72,41.58
Poland,3|0.267,3,3087,0.267000,74.76,104.66
Poland,3|0.055,3,2284,0.055000,15.40,23.10
Poland,3|0.132,3,1015,0.132000,36.96,55.44
Togo,3|0.127,3,"2750,3160,3370,2579,3371,3309",0.127000,35.56,53.34
Togo,3|0.054,3,2266,0.054000,15.12,22.68
Togo,3|0.099,3,3001,0.099000,27.72,41.58
Togo,3|0.067,3,3193,0.067000,18.76,28.14
Niger,3|0.054,3,"2266,3182",0.054000,15.12,22.68
Niger,3|0.099,3,3001,0.099000,27.72,41.58
Niger,3|0.166,3,"2579,3370,3428,3371,3309",0.166000,46.48,69.72
Syrian Arab Republic,3|0.054,3,"2266,3182",0.054000,15.12,22.68
Syrian Arab Republic,3|0.099,3,3001,0.099000,27.72,41.58
Syrian Arab Republic,3|0.27,3,3370,0.270000,75.60,105.84
Syrian Arab Republic,1|0.063,1,3178,0.063000,17.64,26.46
Syrian Arab Republic,3|0.072,3,3168,0.072000,20.16,30.24
Hungary,3|0.183,3,"2750,2579,3370,3428",0.183000,51.24,71.74
Hungary,3|0.054,3,"2266,3182",0.054000,15.12,22.68
Hungary,3|0.099,3,3001,0.099000,27.72,41.58
Hungary,3|0.067,3,3193,0.067000,18.76,28.14
Hungary,3|0.147,3,3309,0.147000,41.16,61.74
Hungary,3|0.148,3,3335,0.148000,41.44,62.16
Bhutan,3|0.099,3,3001,0.099000,27.72,41.58
Bhutan,3|0.054,3,3182,0.054000,15.12,22.68
Bhutan,3|0.118,3,"3411,3370,3428,3371,3309",0.118000,33.04,49.56
Bhutan,3|0.074,3,3335,0.074000,20.72,31.08
Burundi,3|0.166,3,"2750,2579,3370,3371,3309",0.166000,46.48,69.72
Burundi,3|0.054,3,"2266,3182",0.054000,15.12,22.68
Burundi,3|0.099,3,3001,0.099000,27.72,41.58
Burundi,3|0.067,3,3193,0.067000,18.76,28.14
Burundi,3|0.063,3,3168,0.063000,17.64,26.46
Malaysia,3|0.134,3,"2750,2579,3330,3370,2567,3428,3168,3309",0.134000,37.52,56.28
Malaysia,3|0.06,3,2217,0.060000,16.80,25.20
Malaysia,3|0.054,3,"2266,3182",0.054000,15.12,22.68
Malaysia,3|0.099,3,3001,0.099000,27.72,41.58
Malaysia,3|0.067,3,3193,0.067000,18.76,28.14
Malaysia,3|0.08,3,3160,0.080000,22.40,33.60
Malaysia,3|0.027,3,3237,0.027000,7.56,11.34
Malaysia,3|0.026,3,3335,0.026000,7.28,10.92
Malaysia,3|0.086,3,3421,0.086000,24.08,36.12
Netherlands,3|0.363,3,2263,0.363000,101.64,127.05
Netherlands,3|0.063,3,2295,0.063000,17.64,26.46
Netherlands,3|0.268,3,2738,0.268000,75.04,105.06
Netherlands,3|0.395,3,2442,0.395000,110.60,138.25
Netherlands,3|0.752,3,"2750,2579,3330,3370,3428,3309",0.752000,210.56,263.20
Netherlands,3|0.054,3,"2266,3182",0.054000,15.12,22.68
Netherlands,3|0.099,3,3001,0.099000,27.72,41.58
Netherlands,3|0.134,3,2739,0.134000,37.52,56.28
Netherlands,3|0.067,3,3193,0.067000,18.76,28.14
Netherlands,3|0.107,3,3160,0.107000,29.96,44.94
Netherlands,3|0.08,3,3198,0.080000,22.40,33.60
Netherlands,3|0.089,3,"3329,3335,3418,3328",0.089000,24.92,37.38
Netherlands,2|0.139,2,3237,0.139000,38.92,58.38
Netherlands,3|0.6,3,2567,0.600000,168.00,210.00
Netherlands,3|0.2,3,"3087,3371",0.200000,56.00,78.40
Netherlands,3|0.53,3,3394,0.530000,148.40,185.50
Netherlands,1|0.198,1,3433,0.198000,55.44,77.62
Equatorial Guinea,3|0.054,3,"2266,3182",0.054000,15.12,22.68
Equatorial Guinea,3|0.099,3,3001,0.099000,27.72,41.58
Equatorial Guinea,3|0.144,3,"2579,3370",0.144000,40.32,60.48
United Arab Emirates,3|0.054,3,"2266,3182",0.054000,15.12,22.68
United Arab Emirates,3|0.099,3,3001,0.099000,27.72,41.58
United Arab Emirates,3|5.883,3,"3160,3428",5.883000,1647.24,2059.05
United Arab Emirates,3|0.127,3,3370,0.127000,35.56,53.34
United Arab Emirates,3|0.207,3,3335,0.207000,57.96,81.14
United Arab Emirates,3|0.111,3,3418,0.111000,31.08,46.62
Trinidad and Tobago,3|0.054,3,"2266,3182",0.054000,15.12,22.68
Trinidad and Tobago,3|0.099,3,3001,0.099000,27.72,41.58
Trinidad and Tobago,3|0.166,3,3370,0.166000,46.48,69.72
Cambodia,3|0.134,3,"2750,2579,3160,3330,3411,3370,3428,3421,3309",0.134000,37.52,56.28
Cambodia,1|0.009,1,2290,0.009000,2.52,3.78
Cambodia,3|0.094,3,3082,0.094000,26.32,39.48
Cambodia,3|0.099,3,3001,0.099000,27.72,41.58
Cambodia,3|0.054,3,3182,0.054000,15.12,22.68
Cambodia,3|0.067,3,3193,0.067000,18.76,28.14
Cambodia,3|0.089,3,3335,0.089000,24.92,37.38
Cambodia,3|0.108,3,3237,0.108000,30.24,45.36
Cambodia,3|0.104,3,3371,0.104000,29.12,43.68
South Sudan,3|0.054,3,"2266,3182",0.054000,15.12,22.68
South Sudan,3|0.099,3,3001,0.099000,27.72,41.58
South Sudan,3|0.144,3,"2579,3370,3428",0.144000,40.32,60.48
Mauritania,3|0.167,3,"2750,2579,3370,3371,3309",0.167000,46.76,70.14
Mauritania,3|0.054,3,"2266,3182",0.054000,15.12,22.68
Mauritania,3|0.099,3,3001,0.099000,27.72,41.58
Mauritania,3|0.067,3,3193,0.067000,18.76,28.14
Mauritania,3|0.059,3,3168,0.059000,16.52,24.78
Philippines,3|0.054,3,"2263,3182",0.054000,15.12,22.68
Philippines,3|0.251,3,"2750,2579,3330,3370,3428,3309",0.251000,70.28,98.39
Philippines,3|0.065,3,2217,0.065000,18.20,27.30
Philippines,2|0.054,2,2266,0.054000,15.12,22.68
Philippines,3|0.099,3,3001,0.099000,27.72,41.58
Philippines,2|0.114,2,2738,0.114000,31.92,47.88
Philippines,3|0.066,3,2739,0.066000,18.48,27.72
Philippines,3|0.036,3,3109,0.036000,10.08,15.12
Philippines,1|0.067,1,3193,0.067000,18.76,28.14
Philippines,3|0.138,3,3340,0.138000,38.64,57.96
Philippines,3|0.051,3,3237,0.051000,14.28,21.42
Philippines,3|0.166,3,3371,0.166000,46.48,69.72
Philippines,3|0.093,3,3335,0.093000,26.04,39.06
Philippines,2|0.096,2,3418,0.096000,26.88,40.32
Philippines,3|0.072,3,3168,0.072000,20.16,30.24
China,3|0.054,3,3182,0.054000,15.12,22.68
China,3|0.067,3,3193,0.067000,18.76,28.14
China,3|0.181,3,"3371,3309",0.181000,50.68,70.95
Kuwait,3|0.054,3,"2266,3182",0.054000,15.12,22.68
Kuwait,3|0.099,3,3001,0.099000,27.72,41.58
Kuwait,3|5.883,3,"2579,3428,3371",5.883000,1647.24,2059.05
Kuwait,3|0.178,3,3370,0.178000,49.84,74.76
Kuwait,3|0.29,3,3335,0.290000,81.20,113.68
Guinea-Bissau,3|0.166,3,"2750,2579,3370",0.166000,46.48,69.72
Guinea-Bissau,3|0.054,3,"2266,3182",0.054000,15.12,22.68
Guinea-Bissau,3|0.099,3,3001,0.099000,27.72,41.58
Maldives,3|0.054,3,2266,0.054000,15.12,22.68
Maldives,3|0.099,3,3001,0.099000,27.72,41.58
Maldives,3|0.181,3,"2579,3160,3370,3428,3371,3309",0.181000,50.68,70.95
Portugal,3|0.752,3,"2750,2579,3370,3428,3330",0.752000,210.56,263.20
Portugal,3|0.054,3,"2266,3182",0.054000,15.12,22.68
Portugal,3|0.099,3,3001,0.099000,27.72,41.58
Portugal,3|0.216,3,"2442,3309,3340",0.216000,60.48,84.67
Portugal,2|0.202,2,2263,0.202000,56.56,79.18
Portugal,3|0.067,3,3193,0.067000,18.76,28.14
Portugal,2|0.135,2,3329,0.135000,37.80,56.70
Portugal,3|0.135,3,3160,0.135000,37.80,56.70
Portugal,3|0.4,3,"2567,3087",0.400000,112.00,140.00
Portugal,2|0.107,2,3335,0.107000,29.96,44.94
Portugal,1|0.752,1,3433,0.752000,210.56,263.20
Portugal,3|0.071,3,3132,0.071000,19.88,29.82
Bosnia and Herzegovina,3|0.23,3,"2750,3370",0.230000,64.40,90.16
Bosnia and Herzegovina,3|0.054,3,"2266,3182",0.054000,15.12,22.68
Bosnia and Herzegovina,3|0.099,3,3001,0.099000,27.72,41.58
Bosnia and Herzegovina,3|0.067,3,3193,0.067000,18.76,28.14
Somalia,3|0.054,3,"2266,3182",0.054000,15.12,22.68
Somalia,3|0.099,3,3001,0.099000,27.72,41.58
Somalia,3|0.127,3,"3370,2579,3371",0.127000,35.56,53.34
Somalia,3|0.082,3,3309,0.082000,22.96,34.44
Barbados,3|0.099,3,3001,0.099000,27.72,41.58
Barbados,3|0.054,3,3182,0.054000,15.12,22.68
Barbados,3|0.166,3,"3370,2579,3371,3309",0.166000,46.48,69.72
Martinique,3|0.099,3,3001,0.099000,27.72,41.58
Martinique,3|0.054,3,3182,0.054000,15.12,22.68
Dominican Republic,3|0.136,3,"2750,3370,3428",0.136000,38.08,57.12
Dominican Republic,3|0.054,3,2266,0.054000,15.12,22.68
Dominican Republic,3|0.099,3,3001,0.099000,27.72,41.58
Gambia,3|0.181,3,"2750,2579,3330,3370,3371,3309",0.181000,50.68,70.95
Gambia,3|0.054,3,2266,0.054000,15.12,22.68
Gambia,3|0.099,3,3001,0.099000,27.72,41.58
Gambia,1|0.054,1,3182,0.054000,15.12,22.68
Gambia,1|0.067,1,3193,0.067000,18.76,28.14
Afghanistan,3|0.048,3,"2217,3168",0.048000,13.44,20.16
Afghanistan,3|0.054,3,"2266,3182,3178",0.054000,15.12,22.68
Afghanistan,3|0.099,3,3001,0.099000,27.72,41.58
Afghanistan,3|0.314,3,"2579,3160,3370,3428,3371,3309,3330",0.314000,87.92,123.09
Afghanistan,3|0.067,3,3193,0.067000,18.76,28.14
Afghanistan,3|0.295,3,3335,0.295000,82.60,115.64
Armenia,3|0.143,3,"2750,2579,3370,3371,3309",0.143000,40.04,60.06
Armenia,3|0.054,3,2266,0.054000,15.12,22.68
Armenia,3|0.099,3,3001,0.099000,27.72,41.58
Armenia,3|0.067,3,3193,0.067000,18.76,28.14
Guyana,3|0.054,3,"2266,3182",0.054000,15.12,22.68
Guyana,3|0.099,3,3001,0.099000,27.72,41.58
Guyana,3|0.166,3,"2579,3370,3371,3309",0.166000,46.48,69.72
Chad,3|0.226,3,"2750,2579,3330,3370,3371,3309",0.226000,63.28,88.59
Chad,3|0.054,3,"2266,3182",0.054000,15.12,22.68
Chad,3|0.099,3,3001,0.099000,27.72,41.58
Chad,3|0.067,3,3193,0.067000,18.76,28.14
Switzerland,3|0.188,3,"2750,2579,3160,2442,3370,3394,3309",0.188000,52.64,73.70
Switzerland,3|0.054,3,"2266,3182",0.054000,15.12,22.68
Switzerland,3|0.099,3,3001,0.099000,27.72,41.58
Switzerland,3|0.067,3,3193,0.067000,18.76,28.14
Switzerland,3|0.147,3,3329,0.147000,41.16,61.74
Switzerland,3|0.186,3,3371,0.186000,52.08,72.91
Puerto Rico,3|0.054,3,"2266,3182",0.054000,15.12,22.68
Puerto Rico,3|0.099,3,3001,0.099000,27.72,41.58
Puerto Rico,3|0.191,3,"2579,3370,3428",0.191000,53.48,74.87
Ireland,3|0.314,3,"2750,2579,3160,3330,3370,3428,3371,3309",0.314000,87.92,123.09
Ireland,3|0.099,3,3001,0.099000,27.72,41.58
Ireland,3|0.054,3,3182,0.054000,15.12,22.68
Ireland,3|0.067,3,3193,0.067000,18.76,28.14
Ireland,3|0.276,3,2738,0.276000,77.28,108.19
Ireland,3|0.224,3,2263,0.224000,62.72,87.81
Ireland,3|0.126,3,"3329,3335",0.126000,35.28,52.92
Serbia,3|0.054,3,"2266,3182",0.054000,15.12,22.68
Serbia,3|0.099,3,3001,0.099000,27.72,41.58
Serbia,3|0.067,3,3193,0.067000,18.76,28.14
Serbia,3|0.1,3,"3371,3309",0.100000,28.00,42.00
Estonia,3|0.118,3,"2750,2579,3330,3371,3370,3428",0.118000,33.04,49.56
Estonia,3|0.054,3,2266,0.054000,15.12,22.68
Estonia,3|0.099,3,3001,0.099000,27.72,41.58
Estonia,3|0.067,3,3193,0.067000,18.76,28.14
Estonia,3|0.05,3,3309,0.050000,14.00,21.00
Estonia,3|0.104,3,2738,0.104000,29.12,43.68
Estonia,2|0.118,2,2260,0.118000,33.04,49.56
Estonia,3|0.043,3,3335,0.043000,12.04,18.06
Bahrain,3|0.054,3,"2266,3182",0.054000,15.12,22.68
Bahrain,3|0.099,3,3001,0.099000,27.72,41.58
Bahrain,3|0.178,3,"2579,3370,3371",0.178000,49.84,74.76
Czech Republic,3|0.215,3,"2263,3371",0.215000,60.20,84.28
Czech Republic,3|0.087,3,2738,0.087000,24.36,36.54
Czech Republic,3|0.435,3,"2750,2579,3160,2567,3370,3428,3330",0.435000,121.80,152.25
Czech Republic,3|0.099,3,3001,0.099000,27.72,41.58
Czech Republic,3|0.054,3,3182,0.054000,15.12,22.68
Czech Republic,3|0.067,3,3193,0.067000,18.76,28.14
Czech Republic,3|0.074,3,3309,0.074000,20.72,31.08
Czech Republic,3|0.066,3,"3237,3418",0.066000,18.48,27.72
Czech Republic,3|0.267,3,3087,0.267000,74.76,104.66
Guadeloupe,3|0.099,3,3001,0.099000,27.72,41.58
Guadeloupe,3|0.054,3,3182,0.054000,15.12,22.68
Guadeloupe,3|0.108,3,"3370,2579,3371,3309",0.108000,30.24,45.36
Norway,3|0.142,3,"2750,3370,2579,3371,3309",0.142000,39.76,59.64
Norway,3|0.054,3,"2266,3182",0.054000,15.12,22.68
Norway,3|0.099,3,3001,0.099000,27.72,41.58
Norway,3|0.067,3,3193,0.067000,18.76,28.14
Norway,3|0.063,3,3168,0.063000,17.64,26.46
Italy,3|0.115,3,2263,0.115000,32.20,48.30
Italy,3|0.142,3,"2750,2442,3266",0.142000,39.76,59.64
Italy,3|0.122,3,"2966,3414",0.122000,34.16,51.24
Italy,3|0.054,3,"2266,3182",0.054000,15.12,22.68
Italy,3|0.099,3,3001,0.099000,27.72,41.58
Italy,1|0.107,1,2738,0.107000,29.96,44.94
Italy,3|1.125,3,"2579,3307,3370,3406,3428,3309",1.125000,315.00,393.75
Italy,3|0.067,3,3193,0.067000,18.76,28.14
Italy,3|0.202,3,3160,0.202000,56.56,79.18
Italy,3|0.138,3,2615,0.138000,38.64,57.96
Italy,3|0.063,3,"3329,3418,3168",0.063000,17.64,26.46
Italy,3|0.148,3,3335,0.148000,41.44,62.16
Italy,3|0.371,3,3371,0.371000,103.88,129.85
Italy,3|0.524,3,3304,0.524000,146.72,183.40
Romania,3|0.147,3,2750,0.147000,41.16,61.74
Romania,3|0.054,3,"2266,3182",0.054000,15.12,22.68
Romania,3|0.099,3,3001,0.099000,27.72,41.58
Romania,3|0.4,3,"2579,3330,3370,3428",0.400000,112.00,140.00
Romania,2|0.082,2,2738,0.082000,22.96,34.44
Romania,3|0.067,3,3193,0.067000,18.76,28.14
Romania,3|0.107,3,3160,0.107000,29.96,44.94
Romania,3|0.062,3,"2263,3309",0.062000,17.36,26.04
Romania,3|0.13,3,2739,0.130000,36.40,54.60
Romania,2|0.181,2,3371,0.181000,50.68,70.95
Romania,3|0.063,3,3168,0.063000,17.64,26.46
Cyprus,3|0.177,3,"2750,2579,3370,2738,3428",0.177000,49.56,74.34
Cyprus,3|0.054,3,"2266,3182",0.054000,15.12,22.68
Cyprus,3|0.099,3,3001,0.099000,27.72,41.58
Cyprus,3|0.067,3,3193,0.067000,18.76,28.14
Cyprus,3|0.09,3,3371,0.090000,25.20,37.80
Cyprus,3|0.126,3,3335,0.126000,35.28,52.92
Cyprus,3|0.087,3,3309,0.087000,24.36,36.54
Cyprus,3|0.167,3,2263,0.167000,46.76,70.14
Luxembourg,3|0.142,3,"2750,3370,2579,3309,3371",0.142000,39.76,59.64
Luxembourg,3|0.054,3,"2266,3182",0.054000,15.12,22.68
Luxembourg,3|0.099,3,3001,0.099000,27.72,41.58
Luxembourg,3|0.067,3,3193,0.067000,18.76,28.14
Suriname,3|0.054,3,2266,0.054000,15.12,22.68
Suriname,3|0.099,3,3001,0.099000,27.72,41.58
Suriname,3|0.178,3,"2579,3370,3428,3371,3309",0.178000,49.84,74.76
Guatemala,3|0.054,3,"2266,3182",0.054000,15.12,22.68
Guatemala,2|0.099,2,3001,0.099000,27.72,41.58
Guatemala,3|0.148,3,"2579,3370,3309",0.148000,41.44,62.16
Guatemala,3|0.09,3,3371,0.090000,25.20,37.80
Madagascar,3|0.048,3,2217,0.048000,13.44,20.16
Madagascar,3|0.054,3,2266,0.054000,15.12,22.68
Madagascar,3|0.091,3,"3330,3370,2579,3371,3309",0.091000,25.48,38.22
Madagascar,3|0.04,3,3178,0.040000,11.20,16.80
Indonesia,3|0.054,3,"2263,2266,3182,3340,3427",0.054000,15.12,22.68
Indonesia,3|0.1,3,"2750,2579,3211,3330,3370,3428,2442,2434,3309,54,1085,3206,3353",0.100000,28.00,42.00
Indonesia,3|0.063,3,"2295,3168,1170",0.063000,17.64,26.46
Indonesia,3|0.055,3,"2738,2272",0.055000,15.40,23.10
Indonesia,1|0.019,1,"3109,3029",0.019000,5.32,7.98
Indonesia,3|0.039,3,2217,0.039000,10.92,16.38
Indonesia,3|0.099,3,3001,0.099000,27.72,41.58
Indonesia,3|0.042,3,2739,0.042000,11.76,17.64
Indonesia,3|0.036,3,"3160,3251",0.036000,10.08,15.12
Indonesia,3|0.067,3,3193,0.067000,18.76,28.14
Indonesia,2|0.1,2,3406,0.100000,28.00,42.00
Indonesia,3|0.027,3,3355,0.027000,7.56,11.34
Indonesia,1|0.034,1,3327,0.034000,9.52,14.28
Indonesia,3|0.04,3,3224,0.040000,11.20,16.80
Indonesia,3|0.034,3,"3349,3377,3380,3424",0.034000,9.52,14.28
Indonesia,1|0.014,1,"3332,3333",0.014000,3.92,5.88
Indonesia,3|0.046,3,"1329,3426,3061",0.046000,12.88,19.32
Indonesia,1|0.063,1,3339,0.063000,17.64,26.46
Indonesia,3|0.064,3,3347,0.064000,17.92,26.88
Indonesia,1|0.027,1,"3267,3417",0.027000,7.56,11.34
Sweden,3|0.752,3,"2750,2579,3330,2567,3370,3428,3309",0.752000,210.56,263.20
Sweden,3|0.054,3,3182,0.054000,15.12,22.68
Sweden,3|0.067,3,3193,0.067000,18.76,28.14
Sweden,3|0.159,3,"2738,3314",0.159000,44.52,66.78
Sweden,3|0.262,3,"3371,3296",0.262000,73.36,102.70
Sweden,3|0.267,3,3087,0.267000,74.76,104.66
Antigua and Barbuda,3|0.099,3,3001,0.099000,27.72,41.58
Antigua and Barbuda,3|0.054,3,3182,0.054000,15.12,22.68
Djibouti,3|0.099,3,3001,0.099000,27.72,41.58
Djibouti,3|0.054,3,3182,0.054000,15.12,22.68
Djibouti,3|0.108,3,"3370,2579,3371,3309",0.108000,30.24,45.36
Finland,3|0.177,3,"2750,2579,3370,3371,3309",0.177000,49.56,74.34
Finland,3|0.054,3,2266,0.054000,15.12,22.68
Finland,3|0.099,3,3001,0.099000,27.72,41.58
Finland,3|0.067,3,3193,0.067000,18.76,28.14
Finland,3|0.147,3,3418,0.147000,41.16,61.74
French Guiana,3|0.099,3,3001,0.099000,27.72,41.58
French Guiana,3|0.054,3,3182,0.054000,15.12,22.68
French Guiana,3|0.108,3,"3370,2579",0.108000,30.24,45.36
Saint Lucia,3|0.099,3,3001,0.099000,27.72,41.58
Saint Lucia,3|0.054,3,3182,0.054000,15.12,22.68
Saint Lucia,3|0.108,3,"3370,2579",0.108000,30.24,45.36
Montenegro,3|0.099,3,3001,0.099000,27.72,41.58
Montenegro,3|0.054,3,3182,0.054000,15.12,22.68
Montenegro,3|0.188,3,"3370,2579,3371",0.188000,52.64,73.70
Canada,3|0.063,3,"2430,2441,2767,2677,2675,2748,2524,2784,2681,2620,2568",0.063000,17.64,26.46
Canada,1|0.063,1,2440,0.063000,17.64,26.46
Canada,3|0.2,3,"2462,2750,2579,3330,3406,3370,3428,3309",0.200000,56.00,78.40
Canada,3|0.118,3,2217,0.118000,33.04,49.56
Canada,3|0.054,3,"2266,3182",0.054000,15.12,22.68
Canada,3|0.099,3,3001,0.099000,27.72,41.58
Canada,3|0.08,3,3160,0.080000,22.40,33.60
Canada,3|0.024,3,"3140,3329",0.024000,6.72,10.08
Canada,3|0.027,3,3228,0.027000,7.56,11.34
Canada,3|0.199,3,2840,0.199000,55.72,78.01
Canada,3|0.04,3,2567,0.040000,11.20,16.80
Cuba,3|0.27,3,"2750,2579,3160,3370,3371,3309",0.270000,75.60,105.84
Cuba,3|0.054,3,"2266,3182",0.054000,15.12,22.68
Cuba,3|0.099,3,3001,0.099000,27.72,41.58
Cuba,3|0.267,3,3335,0.267000,74.76,104.66
Greece,3|0.068,3,2263,0.068000,19.04,28.56
Greece,3|0.093,3,2738,0.093000,26.04,39.06
Greece,3|0.507,3,"2750,2579,3160,3370,3428,3330",0.507000,141.96,177.45
Greece,3|0.054,3,"2266,3182",0.054000,15.12,22.68
Greece,3|0.099,3,3001,0.099000,27.72,41.58
Greece,3|0.067,3,"3193,3309",0.067000,18.76,28.14
Greece,3|0.095,3,3335,0.095000,26.60,39.90
Greece,3|0.063,3,"3418,2470",0.063000,17.64,26.46
Chile,3|0.107,3,"2750,2579,3370,3428,3309",0.107000,29.96,44.94
Chile,1|0.056,1,2217,0.056000,15.68,23.52
Chile,3|0.054,3,"2266,3182,3350",0.054000,15.12,22.68
Chile,3|0.099,3,3001,0.099000,27.72,41.58
Chile,3|0.075,3,3109,0.075000,21.00,31.50
Chile,2|0.067,2,3193,0.067000,18.76,28.14
Chile,3|0.094,3,3160,0.094000,26.32,39.48
Chile,3|0.063,3,"2421,3235",0.063000,17.64,26.46
Chile,1|0.018,1,3419,0.018000,5.04,7.56
Chile,3|0.039,3,3335,0.039000,10.92,16.38
Chile,3|0.086,3,3371,0.086000,24.08,36.12
Chile,2|0.034,2,3234,0.034000,9.52,14.28
Chile,3|0.04,3,2974,0.040000,11.20,16.80
Georgia,3|0.136,3,"2750,2579,3178,3370,3428,3421,3371",0.136000,38.08,57.12
Georgia,3|0.099,3,3001,0.099000,27.72,41.58
Georgia,3|0.054,3,3182,0.054000,15.12,22.68
Georgia,3|0.067,3,3193,0.067000,18.76,28.14
Georgia,3|0.052,3,"3309,3418",0.052000,14.56,21.84
Georgia,3|0.095,3,2263,0.095000,26.60,39.90
Georgia,3|0.08,3,2738,0.080000,22.40,33.60
Georgia,2|0.066,2,3335,0.066000,18.48,27.72
Sierra Leone,3|0.143,3,"2750,2579,3370",0.143000,40.04,60.06
Sierra Leone,3|0.054,3,"2266,3182",0.054000,15.12,22.68
Sierra Leone,3|0.099,3,3001,0.099000,27.72,41.58
Sierra Leone,3|0.072,3,3160,0.072000,20.16,30.24
Sierra Leone,3|0.067,3,3193,0.067000,18.76,28.14
Bahamas,3|0.099,3,3001,0.099000,27.72,41.58
Bahamas,3|0.054,3,3182,0.054000,15.12,22.68
Bahamas,3|0.166,3,"2579,3370,3371,3309",0.166000,46.48,69.72
Bolivia,3|0.102,3,"2750,3160,3370,2579,3371,3309",0.102000,28.56,42.84
Bolivia,3|0.054,3,"2266,3182",0.054000,15.12,22.68
Bolivia,3|0.099,3,3001,0.099000,27.72,41.58
Bolivia,3|0.067,3,3193,0.067000,18.76,28.14
Bolivia,3|0.048,3,3168,0.048000,13.44,20.16
Grenada,3|0.099,3,3001,0.099000,27.72,41.58
Grenada,3|0.168,3,"2579,3370,3371,3309",0.168000,47.04,70.56
Latvia,3|0.314,3,"2750,2579,3330,3370,3428",0.314000,87.92,123.09
Latvia,3|0.054,3,"2266,3182",0.054000,15.12,22.68
Latvia,3|0.099,3,3001,0.099000,27.72,41.58
Latvia,3|0.067,3,3193,0.067000,18.76,28.14
Latvia,3|0.102,3,3309,0.102000,28.56,42.84
Latvia,3|0.177,3,3237,0.177000,49.56,74.34
Latvia,3|0.214,3,2567,0.214000,59.92,83.89
Latvia,1|0.177,1,3340,0.177000,49.56,74.34
Tajikistan,3|0.143,3,"2579,3370,3428,3309",0.143000,40.04,60.06
Tajikistan,3|0.054,3,"2266,3182",0.054000,15.12,22.68
Tajikistan,3|0.099,3,3001,0.099000,27.72,41.58
Tajikistan,3|0.067,3,3193,0.067000,18.76,28.14
Tajikistan,3|0.039,3,3335,0.039000,10.92,16.38
Tajikistan,3|0.06,3,3371,0.060000,16.80,25.20
Brunei Darussalam,3|0.099,3,3001,0.099000,27.72,41.58
Brunei Darussalam,3|0.054,3,3182,0.054000,15.12,22.68
Brunei Darussalam,3|0.118,3,"3370,2579,3371",0.118000,33.04,49.56
Cayman islands,3|0.099,3,3001,0.099000,27.72,41.58
Cayman islands,3|0.054,3,3182,0.054000,15.12,22.68
Cayman islands,3|0.108,3,"3370,2579",0.108000,30.24,45.36
Saint Vincent,3|0.054,3,"2266,3182",0.054000,15.12,22.68
Saint Vincent,3|0.099,3,3001,0.099000,27.72,41.58
Saint Vincent,3|0.108,3,3370,0.108000,30.24,45.36
Albania,3|0.054,3,"2266,3182",0.054000,15.12,22.68
Albania,3|0.099,3,3001,0.099000,27.72,41.58
Albania,3|0.142,3,"2579,3370,3371",0.142000,39.76,59.64
Slovenia,3|0.136,3,"2750,2579,3160,3330,3370,3428",0.136000,38.08,57.12
Slovenia,3|0.054,3,"2266,3182",0.054000,15.12,22.68
Slovenia,3|0.099,3,3001,0.099000,27.72,41.58
Slovenia,3|0.067,3,3193,0.067000,18.76,28.14
Slovenia,3|0.119,3,3309,0.119000,33.32,49.98
Slovenia,3|0.074,3,3335,0.074000,20.72,31.08
Slovenia,3|0.087,3,3371,0.087000,24.36,36.54
Hong Kong,3|0.1,3,"2750,3330,2579,3370",0.100000,28.00,42.00
Hong Kong,3|0.089,3,2217,0.089000,24.92,37.38
Hong Kong,3|0.099,3,3001,0.099000,27.72,41.58
Hong Kong,3|0.054,3,3182,0.054000,15.12,22.68
Hong Kong,3|0.084,3,3109,0.084000,23.52,35.28
Hong Kong,3|0.067,3,3193,0.067000,18.76,28.14
Hong Kong,3|0.04,3,3328,0.040000,11.20,16.80
Saint Kitts and Nevis,3|0.099,3,3001,0.099000,27.72,41.58
Saint Kitts and Nevis,3|0.054,3,3182,0.054000,15.12,22.68
Saint Kitts and Nevis,3|0.178,3,3370,0.178000,49.84,74.76
Taiwan,3|0.054,3,"2266,3182",0.054000,15.12,22.68
Taiwan,3|0.099,3,3001,0.099000,27.72,41.58
Taiwan,3|0.067,3,3193,0.067000,18.76,28.14
Taiwan,3|0.181,3,"3330,2579,3370,3371,3309",0.181000,50.68,70.95
Lithuania,3|0.335,3,"2750,2579,3330,3370,3428",0.335000,93.80,131.32
Lithuania,3|0.054,3,2266,0.054000,15.12,22.68
Lithuania,3|0.099,3,3001,0.099000,27.72,41.58
Lithuania,3|0.067,3,3193,0.067000,18.76,28.14
Lithuania,3|0.122,3,"3309,3371",0.122000,34.16,51.24
Lithuania,3|0.2,3,3087,0.200000,56.00,78.40
Lithuania,3|0.093,3,3237,0.093000,26.04,39.06
Central African Republic,3|0.099,3,3001,0.099000,27.72,41.58
Central African Republic,3|0.054,3,3182,0.054000,15.12,22.68
Central African Republic,3|0.156,3,3370,0.156000,43.68,65.52
Central African Republic,3|0.063,3,3168,0.063000,17.64,26.46
Liberia,3|0.143,3,"2750,2579,3370,3309",0.143000,40.04,60.06
Liberia,3|0.054,3,"2266,3182",0.054000,15.12,22.68
Liberia,3|0.099,3,3001,0.099000,27.72,41.58
Liberia,2|0.067,2,3193,0.067000,18.76,28.14
Liberia,3|0.084,3,3160,0.084000,23.52,35.28
Liberia,3|0.142,3,3335,0.142000,39.76,59.64
Liberia,3|0.056,3,3371,0.056000,15.68,23.52
Japan,3|10.316,3,"2750,2567,3370,3428,3421,3371,3330",10.316000,2888.48,3610.60
Japan,3|0.089,3,2217,0.089000,24.92,37.38
Japan,3|0.099,3,3001,0.099000,27.72,41.58
Japan,3|0.054,3,3182,0.054000,15.12,22.68
Japan,3|0.519,3,3160,0.519000,145.32,181.65
Guinea,3|0.136,3,"2750,2579,3370,3371,3309",0.136000,38.08,57.12
Guinea,3|0.054,3,"2266,3182",0.054000,15.12,22.68
Guinea,3|0.099,3,3001,0.099000,27.72,41.58
Guinea,3|0.067,3,3193,0.067000,18.76,28.14
Guinea,3|0.072,3,3168,0.072000,20.16,30.24
Aruba,3|0.099,3,3001,0.099000,27.72,41.58
Aruba,3|0.054,3,3182,0.054000,15.12,22.68
Aruba,3|0.136,3,"3370,2579,3371,3309",0.136000,38.08,57.12
Comoros,3|0.099,3,3001,0.099000,27.72,41.58
Comoros,3|0.178,3,"2579,3370,3371,3309",0.178000,49.84,74.76
Comoros,3|0.054,3,3182,0.054000,15.12,22.68
Malta,3|0.054,3,"3182,2266",0.054000,15.12,22.68
Malta,3|0.099,3,3001,0.099000,27.72,41.58
Malta,3|0.154,3,"2750,3370,3371,3309",0.154000,43.12,64.68
Samoa,3|0.154,3,"3411,3371",0.154000,43.12,64.68
Singapore,3|1.51,3,"2750,2579,3193,2567,3370,3428,3309",1.510000,422.80,528.50
Singapore,3|0.099,3,3001,0.099000,27.72,41.58
Singapore,3|0.964,3,3109,0.964000,269.92,337.40
Singapore,3|1.028,3,2840,1.028000,287.84,359.80
Singapore,3|0.123,3,3237,0.123000,34.44,51.66
Singapore,3|0.867,3,3371,0.867000,242.76,303.45
Slovakia,3|0.271,3,"2750,3370,2579,3371",0.271000,75.88,106.23
Slovakia,3|0.054,3,"2266,3182",0.054000,15.12,22.68
Slovakia,3|0.099,3,3001,0.099000,27.72,41.58
Slovakia,3|0.067,3,3193,0.067000,18.76,28.14
Anguilla,3|0.099,3,3001,0.099000,27.72,41.58
Anguilla,3|0.054,3,3182,0.054000,15.12,22.68
Anguilla,3|0.188,3,"3370,2579,3309",0.188000,52.64,73.70
Anguilla,3|0.168,3,3371,0.168000,47.04,70.56
Sao Tome and Principe,3|0.099,3,3001,0.099000,27.72,41.58
Sao Tome and Principe,3|0.054,3,3182,0.054000,15.12,22.68
Sao Tome and Principe,3|0.108,3,"3370,2579",0.108000,30.24,45.36
Fiji,3|0.054,3,2266,0.054000,15.12,22.68
Fiji,3|0.136,3,"3370,3371,3309",0.136000,38.08,57.12
Palestine,3|0.054,3,3182,0.054000,15.12,22.68
Palestine,3|0.154,3,"2579,3370,3371,3309,3168",0.154000,43.12,64.68
Croatia,3|0.1,3,"2750,3330,2579,2263,3370,3371,3309",0.100000,28.00,42.00
Croatia,3|0.099,3,3001,0.099000,27.72,41.58
Croatia,3|0.08,3,2738,0.080000,22.40,33.60
Croatia,3|0.054,3,3182,0.054000,15.12,22.68
Croatia,3|0.067,3,3193,0.067000,18.76,28.14
Croatia,2|0.066,2,3237,0.066000,18.48,27.72
Croatia,3|0.083,3,3335,0.083000,23.24,34.86
Cape Verde,3|0.054,3,"2266,3182",0.054000,15.12,22.68
Cape Verde,3|0.099,3,3001,0.099000,27.72,41.58
Cape Verde,3|0.108,3,"3370,2579",0.108000,30.24,45.36
Monaco,3|0.38,3,"2750,3370,2579,3428,3309",0.380000,106.40,133.00
Monaco,3|0.054,3,"2266,3182",0.054000,15.12,22.68
Monaco,3|0.099,3,3001,0.099000,27.72,41.58
Monaco,3|0.067,3,3193,0.067000,18.76,28.14
Monaco,3|0.37,3,3371,0.370000,103.60,129.50
Macedonia,3|0.142,3,"2750,2579",0.142000,39.76,59.64
Macedonia,3|0.054,3,"2266,3182",0.054000,15.12,22.68
Macedonia,3|0.099,3,3001,0.099000,27.72,41.58
Macedonia,3|0.067,3,3193,0.067000,18.76,28.14
Belize,3|0.054,3,"2266,3182",0.054000,15.12,22.68
Belize,3|0.099,3,3001,0.099000,27.72,41.58
Belize,3|0.166,3,"2579,3370,3371,3309",0.166000,46.48,69.72
New Caledonia,3|0.099,3,3001,0.099000,27.72,41.58
New Caledonia,3|0.054,3,3182,0.054000,15.12,22.68
New Caledonia,3|0.108,3,"3370,2579",0.108000,30.24,45.36
New Zealand,3|0.362,3,"2750,2579,2567,3370",0.362000,101.36,126.70
New Zealand,3|0.054,3,"2266,3182",0.054000,15.12,22.68
New Zealand,3|0.099,3,3001,0.099000,27.72,41.58
New Zealand,3|0.071,3,3160,0.071000,19.88,29.82
New Zealand,3|0.131,3,3335,0.131000,36.68,55.02
Mongolia,3|0.054,3,"2266,3182",0.054000,15.12,22.68
Mongolia,3|0.099,3,3001,0.099000,27.72,41.58
Mongolia,3|0.118,3,"2579,3370,3371,3309",0.118000,33.04,49.56
Mongolia,3|0.067,3,3193,0.067000,18.76,28.14
Mongolia,3|0.06,3,3160,0.060000,16.80,25.20
Mongolia,3|0.066,3,3168,0.066000,18.48,27.72
Mongolia,3|0.111,3,3335,0.111000,31.08,46.62
Lebanon,3|0.118,3,"2750,3370,2579,3371,3309",0.118000,33.04,49.56
Lebanon,3|0.054,3,"2266,3182",0.054000,15.12,22.68
Lebanon,3|0.099,3,3001,0.099000,27.72,41.58
Lebanon,3|0.072,3,3168,0.072000,20.16,30.24
Denmark,3|0.118,3,"2750,2738,2579,3370,3309,3330",0.118000,33.04,49.56
Denmark,1|0.054,1,2266,0.054000,15.12,22.68
Denmark,3|0.099,3,3001,0.099000,27.72,41.58
Denmark,3|0.054,3,3182,0.054000,15.12,22.68
Denmark,3|0.114,3,2263,0.114000,31.92,47.88
Denmark,3|0.067,3,3193,0.067000,18.76,28.14
Denmark,1|0.066,1,3237,0.066000,18.48,27.72
Denmark,1|0.118,1,2260,0.118000,33.04,49.56
Denmark,3|0.087,3,3371,0.087000,24.36,36.54
Austria,3|0.138,3,2442,0.138000,38.64,57.96
Austria,3|0.451,3,"2750,2579,2632,3330,3370,3428,3371,3309",0.451000,126.28,157.85
Austria,3|0.099,3,3001,0.099000,27.72,41.58
Austria,3|0.242,3,2738,0.242000,67.76,94.86
Austria,3|0.054,3,3182,0.054000,15.12,22.68
Austria,3|0.067,3,3193,0.067000,18.76,28.14
Austria,3|0.124,3,"3329,3335",0.124000,34.72,52.08
Austria,3|0.174,3,3160,0.174000,48.72,73.08
Austria,3|0.227,3,"3109,3328",0.227000,63.56,88.98
Seychelles,3|0.099,3,3001,0.099000,27.72,41.58
Seychelles,3|0.054,3,3182,0.054000,15.12,22.68
Seychelles,3|0.108,3,"3370,2579,3371,3309",0.108000,30.24,45.36
Australia,3|1.044,3,"2750,2579,3160,3370,3428,3309,3371,3330",1.044000,292.32,365.40
Australia,3|0.099,3,3001,0.099000,27.72,41.58
Australia,3|0.067,3,3193,0.067000,18.76,28.14
Australia,3|0.1,3,2442,0.100000,28.00,42.00
Australia,3|0.246,3,3335,0.246000,68.88,96.43
Montserrat,3|0.099,3,3001,0.099000,27.72,41.58
Montserrat,3|0.054,3,3182,0.054000,15.12,22.68
Montserrat,3|0.108,3,"3370,2579,3371,3309",0.108000,30.24,45.36
Dominica,3|0.099,3,3001,0.099000,27.72,41.58
Dominica,3|0.054,3,3182,0.054000,15.12,22.68
Dominica,3|0.1,3,"3370,2579,3371,3309",0.100000,28.00,42.00
Korea,1|0.099,1,3001,0.099000,27.72,41.58
Korea,3|0.054,3,3182,0.054000,15.12,22.68
Macau,3|0.089,3,2217,0.089000,24.92,37.38
Macau,3|0.054,3,"2266,3182",0.054000,15.12,22.68
Macau,3|0.099,3,3001,0.099000,27.72,41.58
Macau,3|0.118,3,3371,0.118000,33.04,49.56
Iceland,3|0.054,3,"2266,3182",0.054000,15.12,22.68
Iceland,3|0.099,3,3001,0.099000,27.72,41.58
Iceland,3|0.23,3,"2579,3370,3371,3309",0.230000,64.40,90.16
Eritrea,3|0.099,3,3001,0.099000,27.72,41.58
Eritrea,3|0.054,3,3182,0.054000,15.12,22.68
Eritrea,3|0.235,3,"3370,2579,3428,3309",0.235000,65.80,92.12
Bermuda,3|0.054,3,3182,0.054000,15.12,22.68
Kosovo,3|0.054,3,3182,0.054000,15.12,22.68
Kosovo,3|0.1,3,"3370,3371,3309",0.100000,28.00,42.00
Kosovo,3|0.063,3,3168,0.063000,17.64,26.46
Liechtenstein,3|0.054,3,"2266,3182",0.054000,15.12,22.68
Liechtenstein,3|0.099,3,3001,0.099000,27.72,41.58
Liechtenstein,3|2.353,3,"3428,3370",2.353000,658.84,823.55
Sint Maarten,3|0.099,3,3001,0.099000,27.72,41.58
United States (virtual),1|0.046,1,"2430,2677,2620,3212,2767,2524,2784,2681",0.046000,12.88,19.32
United States (virtual),3|0.2,3,"2750,2442,3193,3406,3428,3330",0.200000,56.00,78.40
United States (virtual),3|0.054,3,"2266,3182",0.054000,15.12,22.68
United States (virtual),3|0.052,3,3140,0.052000,14.56,21.84
United States (virtual),3|0.05,3,3228,0.050000,14.00,21.00
United States (virtual),1|0.067,1,3209,0.067000,18.76,28.14
United States (virtual),3|0.14,3,2461,0.140000,39.20,58.80
United States (virtual),3|0.162,3,3309,0.162000,45.36,68.04
United States (virtual),1|0.08,1,2567,0.080000,22.40,33.60
United States (virtual),3|0.046,3,2675,0.046000,12.88,19.32
United States (virtual),3|0.148,3,3418,0.148000,41.44,62.16
Gibraltar,3|1.769,3,"2750,2567,2579,3370,3428,3371,3309",1.769000,495.32,619.15
Gibraltar,3|0.054,3,3182,0.054000,15.12,22.68
